time,seconds_elapsed_x,acc_x,acc_y,acc_z,seconds_elapsed_y,gyro_x,gyro_y,gyro_z,member,activity,trial,session_id
1772648322690845200,0.31584521484375,-0.1971704959869384,-0.0192852020263671,-0.0573358535766601,0.31834521484375,-0.0585894957184791,0.0914795026183128,0.0127831622958183,tracy,walking,05-2026-03-04,tracy_walking_05-2026-03-04_18-18-42
1772648322710854400,0.3358544921875,-0.0932711958885192,-0.0959157943725586,-0.1050713062286377,0.3383544921875,-0.0655137076973915,0.1154479309916496,-0.0143810575827956,tracy,walking,05-2026-03-04,tracy_walking_05-2026-03-04_18-18-42
1772648322730863600,0.355863525390625,0.0382659435272216,-0.117894172668457,-0.2638312578201294,0.358363525390625,-0.0319579057395458,0.1319595128297805,-0.0303600095212459,tracy,walking,05-2026-03-04,tracy_walking_05-2026-03-04_18-18-42
1772648322750872800,0.375872802734375,0.0898330807685852,-0.1859664916992187,-0.4026995897293091,0.3683681640625,-0.020240006968379,0.1340900510549545,-0.0330231711268425,tracy,walking,05-2026-03-04,tracy_walking_05-2026-03-04_18-18-42
1772648322770881800,0.3958818359375,0.1140195727348327,-0.2135143280029297,-0.5830358266830444,0.3983818359375,-0.0143810575827956,0.2320942878723144,-0.022370534017682,tracy,walking,05-2026-03-04,tracy_walking_05-2026-03-04_18-18-42
1772648322790891000,0.41589111328125,0.3522337675094604,-0.2637910842895508,-0.8723222017288208,0.418390869140625,0.0101200034841895,0.3066627383232116,-0.0149136893451213,tracy,walking,05-2026-03-04,tracy_walking_05-2026-03-04_18-18-42
1772648322810900000,0.43589990234375,0.4552252888679504,-0.477874755859375,-1.033703088760376,0.438400146484375,-0.0506000183522701,0.389220654964447,-0.0207726396620273,tracy,walking,05-2026-03-04,tracy_walking_05-2026-03-04_18-18-42
1772648322830909200,0.4559091796875,0.4755200147628784,-0.1748361587524414,-1.170595645904541,0.4584091796875,-0.119309514760971,0.4712459444999695,-0.0085221081972122,tracy,walking,05-2026-03-04,tracy_walking_05-2026-03-04_18-18-42
1772648322850918400,0.47591845703125,0.417751669883728,-0.0130805969238281,-0.9854178428649902,0.478418212890625,-0.2002695500850677,0.487757533788681,0.0031957905739545,tracy,walking,05-2026-03-04,tracy_walking_05-2026-03-04_18-18-42
1772648322870927400,0.49592724609375,0.3424224853515625,0.0874919891357421,-0.7334553003311157,0.498427490234375,-0.2434127181768417,0.4504733085632324,0.0069242129102349,tracy,walking,05-2026-03-04,tracy_walking_05-2026-03-04_18-18-42
1772648322890936600,0.5159365234375,0.438751757144928,-0.1749897003173828,-0.4550366401672363,0.518436767578125,-0.2498043030500412,0.4025364518165588,-0.0101200034841895,tracy,walking,05-2026-03-04,tracy_walking_05-2026-03-04_18-18-42
1772648322910945800,0.53594580078125,0.5454701781272888,-0.2800416946411133,-0.4953718185424804,0.538445556640625,-0.2460758686065673,0.3796332776546478,-0.0010652635246515,tracy,walking,05-2026-03-04,tracy_walking_05-2026-03-04_18-18-42
1772648322930954800,0.555954833984375,0.615168035030365,-0.4268941879272461,-0.5565686225891113,0.558454833984375,-0.2215748131275177,0.3775027692317962,0.0117178987711668,tracy,walking,05-2026-03-04,tracy_walking_05-2026-03-04_18-18-42
1772648322950964000,0.5759638671875,0.6021866202354431,-0.4355144500732422,-0.5577627420425415,0.578464111328125,-0.2263685017824173,0.4067974984645843,0.034621063619852,tracy,walking,05-2026-03-04,tracy_walking_05-2026-03-04_18-18-42
1772648322970973200,0.59597314453125,0.676274836063385,-0.4207754135131836,-0.1743297576904297,0.59847314453125,-0.2071937620639801,0.2794985175132751,0.0239684283733367,tracy,walking,05-2026-03-04,tracy_walking_05-2026-03-04_18-18-42
1772648322990982100,0.615982177734375,0.7724035978317261,-0.3435916900634765,-0.0964159965515136,0.618482177734375,-0.2316948175430297,0.1484711021184921,0.0213052704930305,tracy,walking,05-2026-03-04,tracy_walking_05-2026-03-04_18-18-42
1772648323010991400,0.635991455078125,0.8772550225257874,0.0206995010375976,-0.2752904891967773,0.638491455078125,-0.2439453452825546,0.1308942586183548,0.0340884327888488,tracy,walking,05-2026-03-04,tracy_walking_05-2026-03-04_18-18-42
1772648323031000600,0.65600048828125,0.9309012293815612,0.3697023391723633,-0.3941457271575928,0.65850048828125,-0.2109221816062927,0.1724395304918289,0.0697747617959976,tracy,walking,05-2026-03-04,tracy_walking_05-2026-03-04_18-18-42
1772648323051009500,0.676009521484375,0.962829053401947,0.4971609115600586,-0.7409054040908813,0.678509521484375,-0.2237053364515304,0.2177132368087768,0.1139831990003585,tracy,walking,05-2026-03-04,tracy_walking_05-2026-03-04_18-18-42
1772648323071018800,0.696018798828125,0.988686978816986,0.3485288619995117,-0.7169981002807617,0.6985185546875,-0.2418148219585418,0.2688458859920501,0.1470063626766204,tracy,walking,05-2026-03-04,tracy_walking_05-2026-03-04_18-18-42
1772648323091027700,0.71602783203125,1.0514564514160156,-0.116556167602539,-0.5814564228057861,0.71852783203125,-0.2567285001277923,0.2576606273651123,0.1592568904161453,tracy,walking,05-2026-03-04,tracy_walking_05-2026-03-04_18-18-42
1772648323111036700,0.73603662109375,0.9841362833976746,-0.3927602767944336,-0.4490753412246704,0.738536865234375,-0.2556632459163666,0.2230395525693893,0.1677789986133575,tracy,walking,05-2026-03-04,tracy_walking_05-2026-03-04_18-18-42
1772648323131046000,0.7560458984375,0.9813001155853271,-0.555760383605957,-0.3348103761672973,0.758545654296875,-0.2045305967330932,0.2155826985836029,0.1800295412540435,tracy,walking,05-2026-03-04,tracy_walking_05-2026-03-04_18-18-42
1772648323151054800,0.776054931640625,1.1215691566467283,-0.3752775192260742,-0.2896612882614136,0.778554931640625,-0.1736379563808441,0.2075932323932647,0.1992042809724807,tracy,walking,05-2026-03-04,tracy_walking_05-2026-03-04_18-18-42
1772648323171063800,0.796063720703125,1.1546177864074707,-0.1962919235229492,-0.2443197965621948,0.79856396484375,-0.1326253116130828,0.205462709069252,0.2071937620639801,tracy,walking,05-2026-03-04,tracy_walking_05-2026-03-04_18-18-42
1772648323191073000,0.816072998046875,1.0676865577697754,-0.2141408920288086,-0.2316797971725464,0.81857275390625,-0.1001347750425338,0.1580584794282913,0.2071937620639801,tracy,walking,05-2026-03-04,tracy_walking_05-2026-03-04_18-18-42
1772648323211082000,0.83608203125,0.7934698462486267,-0.1560258865356445,-0.1375868916511535,0.83858203125,-0.0841558203101158,0.0850879251956939,0.2061284929513931,tracy,walking,05-2026-03-04,tracy_walking_05-2026-03-04_18-18-42
1772648323231091200,0.85609130859375,0.5665618777275085,-0.0969123840332031,-0.0933528542518615,0.858591064453125,-0.0186421126127243,0.0238352715969085,0.2226400822401046,tracy,walking,05-2026-03-04,tracy_walking_05-2026-03-04_18-18-42
1772648323251100200,0.87610009765625,0.5993825793266296,-0.2570714950561523,-0.2482656836509704,0.87860009765625,0.0207726396620273,-0.0810931846499443,0.2263685017824173,tracy,walking,05-2026-03-04,tracy_walking_05-2026-03-04_18-18-42
1772648323271109000,0.896109130859375,0.9369246363639832,-0.0938367843627929,-0.3771895468235016,0.898609130859375,-0.0117178987711668,-0.2057290226221084,0.2348906099796295,tracy,walking,05-2026-03-04,tracy_walking_05-2026-03-04_18-18-42
1772648323291118300,0.916118408203125,1.452747106552124,-0.2265968322753906,-0.4741639792919159,0.9186181640625,-0.0415452793240547,-0.2302300781011581,0.2087916433811187,tracy,walking,05-2026-03-04,tracy_walking_05-2026-03-04_18-18-42
1772648323311127300,0.936127197265625,1.6160027980804443,-0.6495294570922852,-0.6835612654685974,0.93862744140625,-0.0506000183522701,-0.2243711352348327,0.1379516273736953,tracy,walking,05-2026-03-04,tracy_walking_05-2026-03-04_18-18-42
1772648323331136300,0.95613623046875,1.741457223892212,-1.141209602355957,-1.223406195640564,0.95863623046875,-0.0564589649438858,-0.1838911175727844,0.0303600095212459,tracy,walking,05-2026-03-04,tracy_walking_05-2026-03-04_18-18-42
1772648323351145500,0.9761455078125,1.9586577415466309,-1.8530216217041016,-1.4494726657867432,0.978645263671875,-0.0623179152607917,-0.0049268435686826,-0.1209074109792709,tracy,walking,05-2026-03-04,tracy_walking_05-2026-03-04_18-18-42
1772648323371154400,0.996154541015625,1.828047513961792,-2.18135929107666,-1.127334475517273,0.998654541015625,-0.1038631945848465,0.2651174664497375,-0.3020022213459015,tracy,walking,05-2026-03-04,tracy_walking_05-2026-03-04_18-18-42
1772648323391163400,1.016163330078125,0.7691650986671448,-2.1051177978515625,0.0129700899124145,1.01866357421875,-0.0804273933172226,0.4344943463802337,-0.4660528004169464,tracy,walking,05-2026-03-04,tracy_walking_05-2026-03-04_18-18-42
1772648323411172600,1.036172607421875,-0.2988835573196411,-2.049136161804199,1.1127840280532837,1.03867236328125,0.1230379343032836,0.2672479748725891,-0.5198485851287842,tracy,walking,05-2026-03-04,tracy_walking_05-2026-03-04_18-18-42
1772648323431181600,1.056181640625,-0.904729962348938,-1.2762269973754885,1.3239033222198486,1.058681640625,0.2897516787052154,-0.1631184816360473,-0.5954822897911072,tracy,walking,05-2026-03-04,tracy_walking_05-2026-03-04_18-18-42
1772648323451190500,1.0761904296875,-0.788411021232605,-0.1895971298217773,0.6807198524475098,1.078690673828125,0.3371559083461761,-0.4294343590736389,-0.64608234167099,tracy,walking,05-2026-03-04,tracy_walking_05-2026-03-04_18-18-42
1772648323471199700,1.09619970703125,-0.6412801146507263,0.4230756759643554,-0.0380132794380188,1.098699462890625,0.3749727606773376,-0.3996069729328155,-0.6572675704956055,tracy,walking,05-2026-03-04,tracy_walking_05-2026-03-04_18-18-42
1772648323491208700,1.116208740234375,-0.6927680373191833,0.6107139587402344,-0.4198781251907348,1.118708740234375,0.4671180546283722,-0.2483395636081695,-0.6402233839035034,tracy,walking,05-2026-03-04,tracy_walking_05-2026-03-04_18-18-42
1772648323511217700,1.1362177734375,-0.9779961705207824,0.7057094573974609,0.0630931854248046,1.1387177734375,0.6412886381149292,-0.1908153295516967,-0.608798086643219,tracy,walking,05-2026-03-04,tracy_walking_05-2026-03-04_18-18-42
1772648323531227000,1.156226806640625,-1.4943294525146484,0.2542963027954101,0.3525792360305786,1.158726806640625,0.7829686999320984,-0.2004027068614959,-0.5805686116218567,tracy,walking,05-2026-03-04,tracy_walking_05-2026-03-04_18-18-42
1772648323551235800,1.17623583984375,-1.9829614162445068,-0.5706367492675781,0.1505177021026611,1.17873583984375,0.793621301651001,-0.144476369023323,-0.5225117802619934,tracy,walking,05-2026-03-04,tracy_walking_05-2026-03-04_18-18-42
1772648323571245600,1.19624560546875,-1.74902081489563,-0.9904966354370116,-0.4113078117370605,1.19874560546875,0.6854971051216125,0.0302268527448177,-0.4500738382339477,tracy,walking,05-2026-03-04,tracy_walking_05-2026-03-04_18-18-42
1772648323591255600,1.216255615234375,-1.1655821800231934,-1.2416162490844729,-0.4502862691879272,1.21875537109375,0.5550022721290588,0.1681784838438034,-0.3488737940788269,tracy,walking,05-2026-03-04,tracy_walking_05-2026-03-04_18-18-42
1772648323611265300,1.236265380859375,-0.557541012763977,-1.012558937072754,0.0394450426101684,1.238765380859375,0.5496760010719299,0.1314268857240677,-0.2593916654586792,tracy,walking,05-2026-03-04,tracy_walking_05-2026-03-04_18-18-42
1772648323631275300,1.256275146484375,-0.2646078467369079,-0.6166706085205078,0.1380811929702758,1.258775390625,0.5933517813682556,0.1292963624000549,-0.2029327005147934,tracy,walking,05-2026-03-04,tracy_walking_05-2026-03-04_18-18-42
1772648323651285200,1.27628515625,-0.3686994314193725,-0.2681694030761719,-0.1607774496078491,1.27878515625,0.5837644338607788,0.1106542497873306,-0.1736379563808441,tracy,walking,05-2026-03-04,tracy_walking_05-2026-03-04_18-18-42
1772648323671295000,1.296294921875,-0.43736332654953,0.0039081573486328,-0.3985029458999634,1.298795166015625,0.5374254584312439,0.1671132147312164,-0.1374190002679824,tracy,walking,05-2026-03-04,tracy_walking_05-2026-03-04_18-18-42
1772648323691305000,1.316304931640625,-0.3598054647445678,0.3077573776245117,-0.3333429098129272,1.31880517578125,0.5038696527481079,0.1900163739919662,-0.1209074109792709,tracy,walking,05-2026-03-04,tracy_walking_05-2026-03-04_18-18-42
1772648323711315000,1.33631494140625,-0.3283068537712097,0.9135522842407228,-0.3728617429733276,1.338814697265625,0.459128588438034,0.1777658462524414,-0.1006674021482467,tracy,walking,05-2026-03-04,tracy_walking_05-2026-03-04_18-18-42
1772648323731324700,1.35632470703125,-0.2051681578159332,1.588106632232666,-0.1794610023498535,1.35882470703125,0.4016043543815613,0.13835109770298,-0.0436758026480674,tracy,walking,05-2026-03-04,tracy_walking_05-2026-03-04_18-18-42
1772648323751334700,1.376334716796875,0.5546340942382812,1.3484878540039062,-0.1491589546203613,1.378834716796875,0.3296990692615509,0.171906903386116,-0.0276968516409397,tracy,walking,05-2026-03-04,tracy_walking_05-2026-03-04_18-18-42
1772648323771344600,1.3963447265625,0.7561997175216675,1.4562654495239258,-0.0668058395385742,1.398844482421875,0.2838927209377289,0.101066879928112,-0.0362189598381519,tracy,walking,05-2026-03-04,tracy_walking_05-2026-03-04_18-18-42
1772648323791354400,1.416354248046875,0.7900803685188293,1.7682185173034668,-0.4223968982696533,1.4188544921875,0.2024000734090805,0.0984037145972251,-0.0101200034841895,tracy,walking,05-2026-03-04,tracy_walking_05-2026-03-04_18-18-42
1772648323811364400,1.4363642578125,0.8970133066177368,1.7434563636779783,-0.7005637884140015,1.438864501953125,0.0820252895355224,0.2075932323932647,0.032490536570549,tracy,walking,05-2026-03-04,tracy_walking_05-2026-03-04_18-18-42
1772648323831374300,1.456374267578125,1.0794423818588257,1.6252236366271973,-0.685611367225647,1.458874267578125,-0.0745684504508972,0.3183806240558624,0.0687095001339912,tracy,walking,05-2026-03-04,tracy_walking_05-2026-03-04_18-18-42
1772648323851384000,1.476384033203125,1.287957787513733,1.428510665893555,-0.3860001564025879,1.47888427734375,-0.2231727093458175,0.3727090656757355,0.0761663392186164,tracy,walking,05-2026-03-04,tracy_walking_05-2026-03-04_18-18-42
1772648323871394000,1.49639404296875,1.4578940868377686,1.0363092422485352,-0.1014800071716308,1.498893798828125,-0.3078611493110657,0.4067974984645843,0.0713726580142974,tracy,walking,05-2026-03-04,tracy_walking_05-2026-03-04_18-18-42
1772648323891404000,1.516404052734375,1.334944725036621,0.5426883697509766,0.3425831794738769,1.51890380859375,-0.2806969285011291,0.3530017137527466,0.0745684504508972,tracy,walking,05-2026-03-04,tracy_walking_05-2026-03-04_18-18-42
1772648323911413800,1.536413818359375,1.007654070854187,-0.2440299987792968,0.5906298160552979,1.538913818359375,-0.2087916433811187,0.2970753610134125,0.0958737134933471,tracy,walking,05-2026-03-04,tracy_walking_05-2026-03-04_18-18-42
1772648323931423700,1.556423828125,0.7101815342903137,-1.1085281372070312,0.4596614837646484,1.558923583984375,-0.1352884620428085,0.3514038026332855,0.0250336937606334,tracy,walking,05-2026-03-04,tracy_walking_05-2026-03-04_18-18-42
1772648323951433500,1.57643359375,0.0440746843814849,-1.285932540893555,0.6169819831848145,1.57893359375,-0.0633831769227981,0.498410165309906,-0.0996021404862403,tracy,walking,05-2026-03-04,tracy_walking_05-2026-03-04_18-18-42
1772648323971443500,1.596443359375,-0.3069083094596863,-0.7029619216918945,0.8316516876220703,1.598943603515625,-0.0138484258204698,0.6752439141273499,-0.080960027873516,tracy,walking,05-2026-03-04,tracy_walking_05-2026-03-04_18-18-42
1772648323991453400,1.616453369140625,-0.0459640026092529,-0.8509407043457031,1.3505427837371826,1.618953369140625,0.0101200034841895,0.5431512594223022,-0.0628505498170852,tracy,walking,05-2026-03-04,tracy_walking_05-2026-03-04_18-18-42
1772648324011463200,1.636463134765625,0.3281160891056061,-1.1198482513427734,2.15425968170166,1.63896337890625,0.1113200411200523,0.2432795614004135,-0.1177116185426712,tracy,walking,05-2026-03-04,tracy_walking_05-2026-03-04_18-18-42
1772648324031473200,1.65647314453125,0.2812285125255584,-2.040053367614746,2.561558723449707,1.65897314453125,0.373374879360199,0.0536626502871513,-0.1800295412540435,tracy,walking,05-2026-03-04,tracy_walking_05-2026-03-04_18-18-42
1772648324051483100,1.676483154296875,0.0441544950008392,-4.060680389404297,2.1883370876312256,1.67898291015625,0.5731117725372314,-0.1130510941147804,-0.3115895688533783,tracy,walking,05-2026-03-04,tracy_walking_05-2026-03-04_18-18-42
1772648324071493400,1.696493408203125,-1.1731295585632324,-5.240038871765137,-0.0686337947845459,1.6989931640625,0.5619264841079712,-0.1727058440446853,-0.337688535451889,tracy,walking,05-2026-03-04,tracy_walking_05-2026-03-04_18-18-42
1772648324091503600,1.716503662109375,-1.1735783815383911,-3.809885025024414,-1.8606020212173464,1.719003662109375,0.295610636472702,-0.2217079699039459,-0.2364885061979293,tracy,walking,05-2026-03-04,tracy_walking_05-2026-03-04_18-18-42
1772648324111513900,1.736513916015625,-1.1088675260543823,1.878881931304932,-0.7803977727890015,1.739013916015625,0.1411474198102951,-0.2371542900800705,-0.13209268450737,tracy,walking,05-2026-03-04,tracy_walking_05-2026-03-04_18-18-42
1772648324131524400,1.7565244140625,-0.8331563472747803,4.319516658782959,-0.7518066167831421,1.7590244140625,-0.0356863290071487,-0.1375521570444107,0.0175768472254276,tracy,walking,05-2026-03-04,tracy_walking_05-2026-03-04_18-18-42
1772648324151534600,1.77653466796875,-0.3020647764205932,2.360778331756592,-0.5314640998840332,1.77903466796875,-0.2743053436279297,0.0142478998750448,0.1155810952186584,tracy,walking,05-2026-03-04,tracy_walking_05-2026-03-04_18-18-42
1772648324171545000,1.796545166015625,-0.4952266812324524,0.344853401184082,0.151404857635498,1.799044921875,-0.3137201070785522,-0.0800279229879379,0.2865558862686157,tracy,walking,05-2026-03-04,tracy_walking_05-2026-03-04_18-18-42
1772648324191555300,1.816555419921875,-1.0388890504837036,-0.407750129699707,-1.2330026626586914,1.819055419921875,-0.1629853248596191,-0.0592552833259105,0.4756401777267456,tracy,walking,05-2026-03-04,tracy_walking_05-2026-03-04_18-18-42
1772648324211565600,1.836565673828125,-1.5699368715286257,-0.2588701248168945,-2.922485113143921,1.839065673828125,0.0138484258204698,0.1458079516887664,0.5699160099029541,tracy,walking,05-2026-03-04,tracy_walking_05-2026-03-04_18-18-42
1772648324231576000,1.856576171875,-1.429017186164856,0.1447134017944336,-3.818841457366944,1.859076171875,0.020240006968379,0.2464753538370132,0.4532696306705475,tracy,walking,05-2026-03-04,tracy_walking_05-2026-03-04_18-18-42
1772648324251586300,1.87658642578125,-1.1069949865341189,0.6758346557617188,-3.7992568016052246,1.87908642578125,-0.1091895103454589,0.380698561668396,0.4367580413818359,tracy,walking,05-2026-03-04,tracy_walking_05-2026-03-04_18-18-42
1772648324271596800,1.8965966796875,-1.1627659797668457,0.6881141662597656,-3.0247068405151367,1.8990966796875,-0.3201116919517517,0.3327617049217224,0.4884233176708221,tracy,walking,05-2026-03-04,tracy_walking_05-2026-03-04_18-18-42
1772648324291607000,1.91660693359375,-0.8450729250907898,0.4441566467285156,-1.1985522508621216,1.919107177734375,-0.4516717195510864,0.0898816064000129,0.4282359480857849,tracy,walking,05-2026-03-04,tracy_walking_05-2026-03-04_18-18-42
1772648324311617300,1.9366171875,-0.4334889054298401,-0.5198507308959961,-0.3379379510879516,1.939117431640625,-0.4830970168113708,-0.0933437198400497,0.2631200850009918,tracy,walking,05-2026-03-04,tracy_walking_05-2026-03-04_18-18-42
1772648324331627800,1.956627685546875,0.1681488752365112,-1.0020036697387695,-0.2088038921356201,1.9591279296875,-0.4799012243747711,-0.2275669276714325,0.0378168560564518,tracy,walking,05-2026-03-04,tracy_walking_05-2026-03-04_18-18-42
1772648324351638000,1.976637939453125,0.5980210304260254,-0.4613142013549804,-0.4491844177246094,1.97913818359375,-0.4308990836143493,-0.209457442164421,-0.1438105702400207,tracy,walking,05-2026-03-04,tracy_walking_05-2026-03-04_18-18-42
1772648324371648500,1.9966484375,0.5834620594978333,0.1173229217529296,-0.6676422357559204,1.9991484375,-0.3478085398674011,-0.1418132036924362,-0.1954758614301681,tracy,walking,05-2026-03-04,tracy_walking_05-2026-03-04_18-18-42
1772648324391658800,2.01665869140625,0.3934045433998108,0.456033706665039,-0.9381611347198486,2.019158935546875,-0.2993390560150146,-0.0661794990301132,-0.1438105702400207,tracy,walking,05-2026-03-04,tracy_walking_05-2026-03-04_18-18-42
1772648324411669000,2.0366689453125,0.3497719764709472,0.662135124206543,-0.9612553119659424,2.039169189453125,-0.272707462310791,-0.0001331579405814,-0.0255663245916366,tracy,walking,05-2026-03-04,tracy_walking_05-2026-03-04_18-18-42
1772648324431679500,2.056679443359375,-0.0164748430252075,0.6755199432373047,-1.2466224431991575,2.059179443359375,-0.3350253701210022,-0.0001331579405814,0.1326253116130828,tracy,walking,05-2026-03-04,tracy_walking_05-2026-03-04_18-18-42
1772648324451689700,2.076689697265625,0.0222265124320983,0.5311183929443359,-1.2106024026870728,2.07918994140625,-0.4191811978816986,0.0648479163646698,0.2721748352050781,tracy,walking,05-2026-03-04,tracy_walking_05-2026-03-04_18-18-42
1772648324471700200,2.0967001953125,0.1943150162696838,-0.0976343154907226,-0.46370530128479,2.099199951171875,-0.4117243587970733,-0.0699079185724258,0.2854906320571899,tracy,walking,05-2026-03-04,tracy_walking_05-2026-03-04_18-18-42
1772648324491710500,2.11671044921875,0.2359318733215332,-0.1682901382446289,-0.401962399482727,2.11921044921875,-0.3669832944869995,-0.1114531978964805,0.2508695721626282,tracy,walking,05-2026-03-04,tracy_walking_05-2026-03-04_18-18-42
1772648324511721000,2.136720947265625,0.3802910447120666,-0.0129032135009765,-0.3656344413757324,2.139220703125,-0.3371559083461761,-0.0821584463119506,0.2460758686065673,tracy,walking,05-2026-03-04,tracy_walking_05-2026-03-04_18-18-42
1772648324531731200,2.156731201171875,0.6127435564994812,-0.1672706604003906,-0.2715483903884887,2.15923095703125,-0.3430148661136627,-0.0661794990301132,0.2535327076911926,tracy,walking,05-2026-03-04,tracy_walking_05-2026-03-04_18-18-42
1772648324551741400,2.176741455078125,0.7435970902442932,-0.16302490234375,0.0893127918243408,2.179241455078125,-0.3004043102264404,-0.1652490049600601,0.2769685089588165,tracy,walking,05-2026-03-04,tracy_walking_05-2026-03-04_18-18-42
1772648324571750700,2.196750732421875,0.7762289643287659,-0.4590578079223633,-0.0203945636749267,2.199250732421875,-0.2364885061979293,-0.2478069216012954,0.3078611493110657,tracy,walking,05-2026-03-04,tracy_walking_05-2026-03-04_18-18-42
1772648324591759600,2.216759521484375,0.6320745348930359,-0.4390640258789062,-0.1415172815322876,2.219259765625,-0.1864211112260818,-0.3324953913688659,0.3227748572826385,tracy,walking,05-2026-03-04,tracy_walking_05-2026-03-04_18-18-42
1772648324611768800,2.236768798828125,0.5730524659156799,-0.2929067611694336,-0.1403479576110839,2.2392685546875,-0.0788294970989227,-0.4123901426792145,0.3275685310363769,tracy,walking,05-2026-03-04,tracy_walking_05-2026-03-04_18-18-42
1772648324631777800,2.25677783203125,0.8341863751411438,-0.2415189743041992,-0.4995089769363403,2.25927783203125,-0.0564589649438858,-0.41665118932724,0.3179811537265777,tracy,walking,05-2026-03-04,tracy_walking_05-2026-03-04_18-18-42
1772648324651786800,2.276786865234375,1.3778233528137207,-0.2153663635253906,-0.845728874206543,2.279286865234375,-0.1134505644440651,-0.3862911760807037,0.2998716831207275,tracy,walking,05-2026-03-04,tracy_walking_05-2026-03-04_18-18-42
1772648324671795700,2.296795654296875,1.982254266738892,-0.2807884216308594,-0.8142398595809937,2.2992958984375,-0.1502021551132202,-0.3324953913688659,0.2801643013954162,tracy,walking,05-2026-03-04,tracy_walking_05-2026-03-04_18-18-42
1772648324691804700,2.3168046875,2.277179718017578,-0.8623600006103516,-0.7513324022293091,2.3193046875,-0.1667137444019317,-0.2691121995449066,0.2636527121067047,tracy,walking,05-2026-03-04,tracy_walking_05-2026-03-04_18-18-42
1772648324711814000,2.33681396484375,2.3057737350463867,-1.2550525665283203,-0.4716001749038696,2.339313720703125,-0.1432779431343078,-0.2280995547771453,0.2370211333036422,tracy,walking,05-2026-03-04,tracy_walking_05-2026-03-04_18-18-42
1772648324731822800,2.35682275390625,2.1999471187591557,-1.5338010787963867,-0.1769584417343139,2.359322998046875,-0.0687095001339912,-0.1801626980304718,0.2050632238388061,tracy,walking,05-2026-03-04,tracy_walking_05-2026-03-04_18-18-42
1772648324751831800,2.376831787109375,2.2100720405578613,-1.7567377090454102,-0.7640341520309448,2.379331787109375,-0.0900147706270217,-0.078430026769638,0.1491369009017944,tracy,walking,05-2026-03-04,tracy_walking_05-2026-03-04_18-18-42
1772648324771840800,2.3968408203125,2.290060043334961,-1.747541427612305,-0.8899996280670166,2.3993408203125,-0.13209268450737,0.1362205743789672,0.0170442163944244,tracy,walking,05-2026-03-04,tracy_walking_05-2026-03-04_18-18-42
1772648324791850000,2.41685009765625,1.657745361328125,-1.9969615936279297,-0.3375546932220459,2.419349853515625,-0.1262337267398834,0.4339617192745209,-0.1395495235919952,tracy,walking,05-2026-03-04,tracy_walking_05-2026-03-04_18-18-42
1772648324811859000,2.43685888671875,-0.2558271884918213,-2.68301010131836,-0.0858129262924194,2.43935888671875,-0.040480013936758,0.5010733008384705,-0.3510043323040008,tracy,walking,05-2026-03-04,tracy_walking_05-2026-03-04_18-18-42
1772648324831868000,2.456867919921875,-2.048569202423096,-2.548669815063477,-0.1928194761276245,2.459367919921875,0.1523326784372329,0.6001428365707397,-0.4708464741706848,tracy,walking,05-2026-03-04,tracy_walking_05-2026-03-04_18-18-42
1772648324851876900,2.476876953125,-2.6412999629974365,-1.4493389129638672,-0.5211063623428345,2.479376953125,0.3776359260082245,0.1916142702102661,-0.6562023162841797,tracy,walking,05-2026-03-04,tracy_walking_05-2026-03-04_18-18-42
1772648324871886000,2.496885986328125,-2.703778028488159,0.704615592956543,-0.937935471534729,2.499385986328125,0.4601938426494598,-0.0315584316849708,-0.8261118531227112,tracy,walking,05-2026-03-04,tracy_walking_05-2026-03-04_18-18-42
1772648324891895000,2.51689501953125,-2.2408668994903564,2.198715686798096,-0.3031449317932129,2.519394775390625,0.4777706861495971,-0.2643185257911682,-0.919322431087494,tracy,walking,05-2026-03-04,tracy_walking_05-2026-03-04_18-18-42
1772648324911904000,2.536904052734375,-2.242064952850342,2.8571114540100098,0.2327382564544677,2.539404052734375,0.6072002053260803,-0.5221123099327087,-0.9108003377914428,tracy,walking,05-2026-03-04,tracy_walking_05-2026-03-04_18-18-42
1772648324931913000,2.556912841796875,-2.7973756790161133,0.9959135055541992,-0.1358128786087036,2.5594130859375,0.6103960275650024,-0.6185186505317688,-0.6535391807556152,tracy,walking,05-2026-03-04,tracy_walking_05-2026-03-04_18-18-42
1772648324951922000,2.576921875,-2.391003131866455,-0.5095853805541992,-0.929661512374878,2.579422119140625,0.4261054098606109,-0.5146554112434387,-0.3701790869235992,tracy,walking,05-2026-03-04,tracy_walking_05-2026-03-04_18-18-42
1772648324971931100,2.59693115234375,-1.231950759887695,-1.394454002380371,-1.1553372144699097,2.599430908203125,0.272707462310791,-0.1897500604391098,-0.1613874286413192,tracy,walking,05-2026-03-04,tracy_walking_05-2026-03-04_18-18-42
1772648324991940000,2.616940185546875,-0.1196226179599762,-1.6958351135253906,-0.4059972763061523,2.619440185546875,0.3808317184448242,0.1181110963225364,-0.0836231857538223,tracy,walking,05-2026-03-04,tracy_walking_05-2026-03-04_18-18-42
1772648325011949000,2.636948974609375,0.1000474989414215,-1.385915756225586,-0.180296778678894,2.63944921875,0.5086633563041687,0.1948100626468658,-0.092677928507328,tracy,walking,05-2026-03-04,tracy_walking_05-2026-03-04_18-18-42
1772648325031958000,2.6569580078125,0.2971231639385223,-0.4020938873291015,-0.1677178144454956,2.6594580078125,0.4767054319381714,0.2576606273651123,-0.1757684797048568,tracy,walking,05-2026-03-04,tracy_walking_05-2026-03-04_18-18-42
1772648325051967200,2.67696728515625,0.0928017199039459,0.2496633529663086,0.0866150856018066,2.679467041015625,0.4138548672199249,0.2997385263442993,-0.2950780093669891,tracy,walking,05-2026-03-04,tracy_walking_05-2026-03-04_18-18-42
1772648325071975700,2.6969755859375,-0.3695880770683288,0.6419239044189453,0.2697992324829101,2.6994755859375,0.4532696306705475,0.2970753610134125,-0.3850927650928497,tracy,walking,05-2026-03-04,tracy_walking_05-2026-03-04_18-18-42
1772648325091984100,2.716984130859375,-0.8501560091972351,1.016000747680664,-0.0684058666229248,2.71948388671875,0.5022717714309692,0.3854922354221344,-0.3563306629657745,tracy,walking,05-2026-03-04,tracy_walking_05-2026-03-04_18-18-42
1772648325111992600,2.73699267578125,-0.7446480989456177,1.1526432037353516,-0.3503241539001465,2.739492431640625,0.4607264697551727,0.4424838423728943,-0.304132729768753,tracy,walking,05-2026-03-04,tracy_walking_05-2026-03-04_18-18-42
1772648325132001000,2.7570009765625,-0.4247457385063171,1.2776460647583008,-0.3027427196502685,2.7595009765625,0.3701790869235992,0.380698561668396,-0.251402199268341,tracy,walking,05-2026-03-04,tracy_walking_05-2026-03-04_18-18-42
1772648325152009500,2.777009521484375,-0.0735831707715988,1.2771968841552734,-0.195500373840332,2.77950927734375,0.281229555606842,0.1756353229284286,-0.2247706055641174,tracy,walking,05-2026-03-04,tracy_walking_05-2026-03-04_18-18-42
1772648325172018000,2.797017822265625,0.1257181465625763,1.3589277267456057,-0.5734999179840088,2.799517822265625,0.1443432122468948,0.0078563187271356,-0.1912147998809814,tracy,walking,05-2026-03-04,tracy_walking_05-2026-03-04_18-18-42
1772648325192026400,2.8170263671875,0.3275864124298095,1.8381094932556152,-0.8319300413131714,2.819526123046875,-0.0580568611621856,0.0121173728257417,-0.1390168964862823,tracy,walking,05-2026-03-04,tracy_walking_05-2026-03-04_18-18-42
1772648325212034800,2.837034912109375,0.7377996444702148,1.6067185401916504,-0.8493013381958008,2.83953466796875,-0.2327600866556167,0.1127847731113433,-0.092677928507328,tracy,walking,05-2026-03-04,tracy_walking_05-2026-03-04_18-18-42
1772648325232043300,2.857043212890625,0.8217360973358154,1.4767141342163086,-0.7652899026870728,2.859543212890625,-0.3366232812404632,0.2560627162456512,-0.002130527049303,tracy,walking,05-2026-03-04,tracy_walking_05-2026-03-04_18-18-42
1772648325252051700,2.8770517578125,0.9022075533866882,1.263143539428711,-0.5508590936660767,2.879551513671875,-0.3973433077335357,0.4174501299858093,0.1177116185426712,tracy,walking,05-2026-03-04,tracy_walking_05-2026-03-04_18-18-42
1772648325272060200,2.89706005859375,1.0477126836776731,0.9868278503417968,-0.2371792793273925,2.89956005859375,-0.4474106729030609,0.5671196579933167,0.2151832282543182,tracy,walking,05-2026-03-04,tracy_walking_05-2026-03-04_18-18-42
1772648325292068600,2.917068603515625,1.1358777284622192,0.6881046295166016,0.3198916912078857,2.919568359375,-0.4447475075721741,0.586294412612915,0.2647179961204529,tracy,walking,05-2026-03-04,tracy_walking_05-2026-03-04_18-18-42
1772648325312076800,2.937076904296875,0.9536545276641846,-0.5158548355102539,0.7268187999725342,2.939576904296875,-0.404800146818161,0.5559344291687012,0.2940127253532409,tracy,walking,05-2026-03-04,tracy_walking_05-2026-03-04_18-18-42
1772648325332085200,2.957085205078125,0.884215235710144,-1.945897102355957,0.5722024440765381,2.95958544921875,-0.3217095732688904,0.5985449552536011,0.1747032105922699,tracy,walking,05-2026-03-04,tracy_walking_05-2026-03-04_18-18-42
1772648325352093700,2.97709375,0.0319103002548217,-2.4654617309570312,0.4625325202941894,2.97959375,-0.2141179740428924,0.7423555254936218,0.0681768655776977,tracy,walking,05-2026-03-04,tracy_walking_05-2026-03-04_18-18-42
1772648325372102100,2.99710205078125,0.1657604873180389,-1.650986671447754,0.9982779026031494,2.999602294921875,-0.0447410680353641,0.7162565588951111,0.0436758026480674,tracy,walking,05-2026-03-04,tracy_walking_05-2026-03-04_18-18-42
1772648325392110600,3.017110595703125,0.2954115569591522,-1.571552276611328,1.2817461490631104,3.019610595703125,0.0559263341128826,0.47923544049263,0.0458063334226608,tracy,walking,05-2026-03-04,tracy_walking_05-2026-03-04_18-18-42
1772648325412119000,3.037119140625,1.0280280113220217,-0.6147584915161133,1.7159128189086914,3.039619140625,0.1427453160285949,0.1916142702102661,0.0069242129102349,tracy,walking,05-2026-03-04,tracy_walking_05-2026-03-04_18-18-42
1772648325432127500,3.05712744140625,1.5325394868850708,0.0790681838989257,1.3852691650390625,3.059627685546875,0.2018674314022064,0.1047952994704246,-0.0703073889017105,tracy,walking,05-2026-03-04,tracy_walking_05-2026-03-04_18-18-42
1772648325452136000,3.077135986328125,1.0958305597305298,-0.0231485366821289,1.2530856132507324,3.079635986328125,0.2226400822401046,0.1687111109495163,-0.1001347750425338,tracy,walking,05-2026-03-04,tracy_walking_05-2026-03-04_18-18-42
1772648325472144400,3.097144287109375,0.4911704063415527,-1.773855209350586,1.6603918075561523,3.09964453125,0.3009369373321533,0.1777658462524414,-0.1422126740217209,tracy,walking,05-2026-03-04,tracy_walking_05-2026-03-04_18-18-42
1772648325492152800,3.11715283203125,-0.9710034132003784,-3.921030044555664,1.4455630779266355,3.11965283203125,0.4862928092479706,-0.0624510757625103,-0.0910800322890281,tracy,walking,05-2026-03-04,tracy_walking_05-2026-03-04_18-18-42
1772648325512161300,3.137161376953125,-1.5911171436309814,-5.576714515686035,-2.246856451034546,3.139661376953125,0.2455432415008545,-0.3660511672496795,-0.1161137223243713,tracy,walking,05-2026-03-04,tracy_walking_05-2026-03-04_18-18-42
1772648325532169700,3.157169677734375,-2.5204145908355717,-3.430875778198242,-2.4014782905578613,3.159669921875,0.0788294970989227,-0.1599226891994476,-0.070840023458004,tracy,walking,05-2026-03-04,tracy_walking_05-2026-03-04_18-18-42
1772648325552178200,3.17717822265625,-1.555711030960083,2.4460606575012207,-1.0078710317611694,3.17967822265625,0.1257010996341705,-0.1039963513612747,-0.1203747764229774,tracy,walking,05-2026-03-04,tracy_walking_05-2026-03-04_18-18-42
1772648325572186600,3.1971865234375,-1.3738577365875244,4.115620136260986,-0.6800044775009155,3.199686767578125,0.0474042259156703,-0.1205079331994056,0.0053263176232576,tracy,walking,05-2026-03-04,tracy_walking_05-2026-03-04_18-18-42
1772648325592195000,3.217195068359375,-1.5181381702423096,3.0762948989868164,-0.792737603187561,3.21969482421875,-0.0106526352465152,-0.0858868733048439,0.1017326638102531,tracy,walking,05-2026-03-04,tracy_walking_05-2026-03-04_18-18-42
1772648325612203300,3.237203369140625,-1.427101492881775,2.026074886322021,-1.1323152780532837,3.239703369140625,0.0207726396620273,0.0770984441041946,0.2290316522121429,tracy,walking,05-2026-03-04,tracy_walking_05-2026-03-04_18-18-42
1772648325632211700,3.257211669921875,-1.421492576599121,0.7663660049438477,-2.2653393745422363,3.2597119140625,0.0623179152607917,0.3775027692317962,0.394147515296936,tracy,walking,05-2026-03-04,tracy_walking_05-2026-03-04_18-18-42
1772648325652220200,3.27722021484375,-0.8996407985687256,-0.4579687118530273,-2.859307050704956,3.279719970703125,0.0804273933172226,0.5010733008384705,0.5022717714309692,tracy,walking,05-2026-03-04,tracy_walking_05-2026-03-04_18-18-42
1772648325672228600,3.297228515625,-0.8239625692367554,-0.9153518676757812,-3.251814126968384,3.299728515625,-0.0580568611621856,0.3498059213161468,0.4623243808746338,tracy,walking,05-2026-03-04,tracy_walking_05-2026-03-04_18-18-42
1772648325692236800,3.31723681640625,-1.2605109214782717,-0.7337541580200195,-2.198557615280152,3.31973681640625,-0.2695116698741913,0.094142660498619,0.379766434431076,tracy,walking,05-2026-03-04,tracy_walking_05-2026-03-04_18-18-42
1772648325712245200,3.337245361328125,-1.438259840011597,0.1611804962158203,-1.061388611793518,3.3397451171875,-0.4713791012763977,-0.2515353560447693,0.3046653568744659,tracy,walking,05-2026-03-04,tracy_walking_05-2026-03-04_18-18-42
1772648325732253700,3.357253662109375,-0.6543155908584595,0.0364866256713867,-0.8182743787765503,3.35975341796875,-0.6524739265441895,-0.481632262468338,0.1491369009017944,tracy,walking,05-2026-03-04,tracy_walking_05-2026-03-04_18-18-42
1772648325752262000,3.377261962890625,0.1088297963142395,-0.4419765472412109,-0.4207550287246704,3.379761962890625,-0.688160240650177,-0.5737775564193726,-0.0340884327888488,tracy,walking,05-2026-03-04,tracy_walking_05-2026-03-04_18-18-42
1772648325772270300,3.397270263671875,0.6107333898544312,-0.1839447021484375,-0.2638678550720215,3.3997705078125,-0.5336970090866089,-0.5854954719543457,-0.1699095368385315,tracy,walking,05-2026-03-04,tracy_walking_05-2026-03-04_18-18-42
1772648325792278800,3.41727880859375,0.5142951011657715,0.1705226898193359,-0.5614141225814819,3.419778564453125,-0.2924148440361023,-0.4629901647567749,-0.1997369080781936,tracy,walking,05-2026-03-04,tracy_walking_05-2026-03-04_18-18-42
1772648325812287000,3.437286865234375,0.2324667572975158,0.3373432159423828,-0.9883726835250854,3.439787109375,-0.1443432122468948,-0.3138532638549804,-0.1246358305215835,tracy,walking,05-2026-03-04,tracy_walking_05-2026-03-04_18-18-42
1772648325832295400,3.45729541015625,0.0184429287910461,0.4687681198120117,-1.4577645063400269,3.45979541015625,-0.196008488535881,-0.188684806227684,0.0181094799190759,tracy,walking,05-2026-03-04,tracy_walking_05-2026-03-04_18-18-42
1772648325852304000,3.477303955078125,0.0304160118103027,0.1881608963012695,-1.276267170906067,3.479803955078125,-0.3424822092056274,-0.1828258484601974,0.1597895324230194,tracy,walking,05-2026-03-04,tracy_walking_05-2026-03-04_18-18-42
1772648325872312000,3.49731201171875,0.3535866141319275,-0.0134315490722656,-0.7246607542037964,3.499812255859375,-0.4394212067127228,-0.2099900692701339,0.2455432415008545,tracy,walking,05-2026-03-04,tracy_walking_05-2026-03-04_18-18-42
1772648325892320500,3.517320556640625,0.7367650866508484,-0.1291732788085937,0.023610234260559,3.519820556640625,-0.3536674976348877,-0.2270342856645584,0.281229555606842,tracy,walking,05-2026-03-04,tracy_walking_05-2026-03-04_18-18-42
1772648325912329000,3.537328857421875,1.0040910243988037,-0.1467065811157226,0.0430887937545776,3.5398291015625,-0.2338253408670425,-0.2893522083759308,0.2673811316490173,tracy,walking,05-2026-03-04,tracy_walking_05-2026-03-04_18-18-42
1772648325932337400,3.55733740234375,0.940722405910492,0.0371685028076171,-0.2449845075607299,3.559837158203125,-0.2093242853879928,-0.2360890358686447,0.2908169329166412,tracy,walking,05-2026-03-04,tracy_walking_05-2026-03-04_18-18-42
1772648325952345900,3.577345947265625,0.8004250526428223,0.3297958374023437,-0.3470487594604492,3.579845703125,-0.2348906099796295,-0.155129000544548,0.348341166973114,tracy,walking,05-2026-03-04,tracy_walking_05-2026-03-04_18-18-42
1772648325972354000,3.59735400390625,0.9104720950126648,0.247964859008789,-0.106510043144226,3.599854248046875,-0.2439453452825546,-0.1157142519950866,0.4053327739238739,tracy,walking,05-2026-03-04,tracy_walking_05-2026-03-04_18-18-42
1772648325992362500,3.617362548828125,1.083503246307373,-0.1421957015991211,0.0869756937026977,3.6198623046875,-0.2162484973669052,-0.1407479494810104,0.4175832867622375,tracy,walking,05-2026-03-04,tracy_walking_05-2026-03-04_18-18-42
1772648326012371000,3.637370849609375,0.8736642003059387,-0.3232688903808594,0.2387773990631103,3.639870849609375,-0.1502021551132202,-0.243013247847557,0.392549604177475,tracy,walking,05-2026-03-04,tracy_walking_05-2026-03-04_18-18-42
1772648326032379100,3.657379150390625,0.6551300883293152,-0.3559455871582031,0.0991941690444946,3.659879150390625,-0.0527305454015731,-0.3186469376087188,0.3542001247406006,tracy,walking,05-2026-03-04,tracy_walking_05-2026-03-04_18-18-42
1772648326052387600,3.6773876953125,0.8866329789161682,-0.5177392959594727,-0.3656654357910156,3.679887451171875,0.0031957905739545,-0.3516701161861419,0.3542001247406006,tracy,walking,05-2026-03-04,tracy_walking_05-2026-03-04_18-18-42
1772648326072396800,3.697396728515625,1.6105552911758425,-0.7054452896118164,-0.8761507272720337,3.69989697265625,-0.0367515906691551,-0.374573290348053,0.339819073677063,tracy,walking,05-2026-03-04,tracy_walking_05-2026-03-04_18-18-42
1772648326092406300,3.71740625,2.247942924499512,-0.6364860534667969,-1.0139838457107544,3.71990625,-0.1006674021482467,-0.3079943060874939,0.2940127253532409,tracy,walking,05-2026-03-04,tracy_walking_05-2026-03-04_18-18-42
1772648326112415700,3.737415771484375,2.4172379970550537,-0.8570671081542969,-0.4510314464569092,3.739915771484375,-0.1070589870214462,-0.2914827466011047,0.1954758614301681,tracy,walking,05-2026-03-04,tracy_walking_05-2026-03-04_18-18-42
1772648326132425200,3.75742529296875,2.125492811203003,-1.130573272705078,-0.4129638671875,3.75992529296875,-0.0607200190424919,-0.2680469453334808,0.0676442310214042,tracy,walking,05-2026-03-04,tracy_walking_05-2026-03-04_18-18-42
1772648326152434700,3.7774345703125,1.8238290548324585,-1.7741851806640625,-0.6580677032470703,3.779934814453125,-0.1512674242258072,-0.0874847695231437,-0.0793621316552162,tracy,walking,05-2026-03-04,tracy_walking_05-2026-03-04_18-18-42
1772648326172444200,3.797444091796875,1.745300054550171,-2.231734275817871,-0.4689282178878784,3.7999443359375,-0.2141179740428924,0.1751026958227157,-0.2588590383529663,tracy,walking,05-2026-03-04,tracy_walking_05-2026-03-04_18-18-42
1772648326192453600,3.81745361328125,0.5864174962043762,-2.6723365783691406,-0.0436152219772338,3.81995361328125,-0.2263685017824173,0.4797680675983429,-0.4458127915859222,tracy,walking,05-2026-03-04,tracy_walking_05-2026-03-04_18-18-42
1772648326212463000,3.837463134765625,-1.2070810794830322,-2.784632682800293,0.0837945938110351,3.839963134765625,-0.0905473977327346,0.6134586334228516,-0.5816338658332825,tracy,walking,05-2026-03-04,tracy_walking_05-2026-03-04_18-18-42
1772648326232472600,3.85747265625,-2.663090229034424,-2.0847949981689453,0.2017513513565063,3.85997265625,0.1512674242258072,0.2581932544708252,-0.6780402064323425,tracy,walking,05-2026-03-04,tracy_walking_05-2026-03-04_18-18-42
1772648326252482000,3.87748193359375,-2.935311317443848,-0.2011995315551757,-0.4066792726516723,3.879982177734375,0.3542001247406006,-0.0331563279032707,-0.7382276058197021,tracy,walking,05-2026-03-04,tracy_walking_05-2026-03-04_18-18-42
1772648326272491500,3.897491455078125,-2.782062530517578,1.739285945892334,-0.6975513696670532,3.89999169921875,0.4554001688957214,-0.1908153295516967,-0.7488802671432495,tracy,walking,05-2026-03-04,tracy_walking_05-2026-03-04_18-18-42
1772648326292501000,3.9175009765625,-2.283149242401123,3.1259207725524902,0.4036077260971069,3.9200009765625,0.5938844084739685,-0.5199817419052124,-0.8117308020591736,tracy,walking,05-2026-03-04,tracy_walking_05-2026-03-04_18-18-42
1772648326312510500,3.937510498046875,-3.023776054382324,1.847961902618408,0.574112057685852,3.940010498046875,0.6327665448188782,-0.8576703071594238,-0.6348970532417297,tracy,walking,05-2026-03-04,tracy_walking_05-2026-03-04_18-18-42
1772648326332520000,3.95752001953125,-3.411421775817871,0.4104604721069336,-0.2602589130401611,3.96002001953125,0.4463454186916351,-0.9274450540542604,-0.304132729768753,tracy,walking,05-2026-03-04,tracy_walking_05-2026-03-04_18-18-42
1772648326352529400,3.977529296875,-2.1646385192871094,-1.2263765335083008,-1.1444605588912964,3.980029541015625,0.15180005133152,-0.6574007272720337,-0.0186421126127243,tracy,walking,05-2026-03-04,tracy_walking_05-2026-03-04_18-18-42
1772648326372539000,3.997538818359375,-0.0549076497554779,-2.33172607421875,-0.4732491970062256,4.0000390625,0.1182442530989646,-0.2126532346010208,0.1134505644440651,tracy,walking,05-2026-03-04,tracy_walking_05-2026-03-04_18-18-42
1772648326392548400,4.01754833984375,0.8956719636917114,-2.094069480895996,-0.0195982456207275,4.02004833984375,0.3637875020503998,0.0850879251956939,0.119309514760971,tracy,walking,05-2026-03-04,tracy_walking_05-2026-03-04_18-18-42
1772648326412557800,4.037557861328125,1.3117995262145996,-0.9508590698242188,-0.0538368225097656,4.040057861328125,0.4740422666072845,0.247540608048439,0.022370534017682,tracy,walking,05-2026-03-04,tracy_walking_05-2026-03-04_18-18-42
1772648326432567300,4.0575673828125,0.9435327053070068,0.1553030014038086,0.188065767288208,4.0600673828125,0.4367580413818359,0.2235721796751022,-0.1427453160285949,tracy,walking,05-2026-03-04,tracy_walking_05-2026-03-04_18-18-42
1772648326452576800,4.07757666015625,0.0381154716014862,0.7275657653808594,-0.0028736591339111,4.080076904296875,0.38189697265625,0.2779006361961365,-0.2348906099796295,tracy,walking,05-2026-03-04,tracy_walking_05-2026-03-04_18-18-42
1772648326472586200,4.097586181640625,-0.3560973107814789,0.9325723648071288,0.2683625221252441,4.10008642578125,0.4010717272758484,0.4914859533309936,-0.2519348263740539,tracy,walking,05-2026-03-04,tracy_walking_05-2026-03-04_18-18-42
1772648326492595700,4.117595703125,-0.4668765068054199,1.1808185577392578,0.404578685760498,4.120095703125,0.4426169991493225,0.510660707950592,-0.2311621904373169,tracy,walking,05-2026-03-04,tracy_walking_05-2026-03-04_18-18-42
1772648326512605200,4.137605224609375,-0.3546378016471863,1.443124771118164,0.2446320056915283,4.140105224609375,0.4095938205718994,0.4004059135913849,-0.2071937620639801,tracy,walking,05-2026-03-04,tracy_walking_05-2026-03-04_18-18-42
1772648326532614700,4.15761474609375,-0.2514880299568176,1.468526840209961,0.0357460975646972,4.16011474609375,0.3286337852478027,0.2070605903863906,-0.2002695500850677,tracy,walking,05-2026-03-04,tracy_walking_05-2026-03-04_18-18-42
1772648326552624000,4.1776240234375,-0.2035318613052368,1.727949619293213,-0.4527167081832886,4.180124267578125,0.2215748131275177,0.0382163301110267,-0.1720400601625442,tracy,walking,05-2026-03-04,tracy_walking_05-2026-03-04_18-18-42
1772648326572633600,4.197633544921875,0.2609186172485351,2.154503345489502,-0.8461692333221436,4.2001337890625,0.0601873882114887,0.050999492406845,-0.0846884474158287,tracy,walking,05-2026-03-04,tracy_walking_05-2026-03-04_18-18-42
1772648326592643000,4.21764306640625,0.6882063746452332,1.699473857879639,-0.8630809783935547,4.220142822265625,-0.1262337267398834,0.1452753096818924,-0.0299605373293161,tracy,walking,05-2026-03-04,tracy_walking_05-2026-03-04_18-18-42
1772648326612652500,4.237652587890625,0.8031415939331055,1.4399938583374023,-0.4280973672866821,4.24015234375,-0.2668485045433044,0.2342248111963272,0.0462058037519454,tracy,walking,05-2026-03-04,tracy_walking_05-2026-03-04_18-18-42
1772648326632662000,4.257662109375,0.8551203012466431,1.1629009246826172,-0.0348103046417236,4.260161865234375,-0.3467432856559753,0.3125216960906982,0.1261005699634552,tracy,walking,05-2026-03-04,tracy_walking_05-2026-03-04_18-18-42
1772648326652671200,4.277671142578125,0.8940995335578918,0.8207912445068359,0.359173059463501,4.28017138671875,-0.337688535451889,0.345012217760086,0.1921469122171402,tracy,walking,05-2026-03-04,tracy_walking_05-2026-03-04_18-18-42
1772648326672680700,4.2976806640625,0.9999933242797852,0.1995754241943359,1.0259592533111572,4.300180908203125,-0.2572611272335052,0.2273005992174148,0.2102563828229904,tracy,walking,05-2026-03-04,tracy_walking_05-2026-03-04_18-18-42
1772648326692690200,4.317690185546875,0.9308542609214784,-0.9979066848754884,1.1315712928771973,4.320190185546875,-0.1555284708738327,0.0770984441041946,0.0808268710970878,tracy,walking,05-2026-03-04,tracy_walking_05-2026-03-04_18-18-42
1772648326712699600,4.33769970703125,0.3594608902931213,-1.5293006896972656,0.7353470325469971,4.34019970703125,-0.0964063480496406,0.1521995216608047,-0.0544615983963012,tracy,walking,05-2026-03-04,tracy_walking_05-2026-03-04_18-18-42
1772648326732709000,4.357709228515625,-0.1059663593769073,-1.4035892486572266,1.038504123687744,4.360209228515625,0.0106526352465152,0.2763027250766754,-0.0736363381147384,tracy,walking,05-2026-03-04,tracy_walking_05-2026-03-04_18-18-42
1772648326752718600,4.377718505859375,0.0860251188278198,-2.1163530349731445,1.4788503646850586,4.38021875,0.1342232078313827,0.2198437601327896,-0.0571247562766075,tracy,walking,05-2026-03-04,tracy_walking_05-2026-03-04_18-18-42
1772648326772728000,4.39772802734375,0.6297767162322998,-2.22373104095459,2.030517816543579,4.400227783203125,0.2412821948528289,0.0451405420899391,-0.054328441619873,tracy,walking,05-2026-03-04,tracy_walking_05-2026-03-04_18-18-42
1772648326792737500,4.417737548828125,0.3580774366855621,-2.445810317993164,2.708120346069336,4.4202373046875,0.5651223063468933,-0.1119858250021934,-0.0948084518313407,tracy,walking,05-2026-03-04,tracy_walking_05-2026-03-04_18-18-42
1772648326812747000,4.4377470703125,-0.6467719674110413,-4.438291549682617,2.0828866958618164,4.440246826171875,0.919322431087494,-0.0544615983963012,-0.1091895103454589,tracy,walking,05-2026-03-04,tracy_walking_05-2026-03-04_18-18-42
1772648326832757000,4.457757080078125,-1.148930907249451,-6.211391448974609,-1.529415726661682,4.4602568359375,0.6743118166923523,-0.144476369023323,-0.1661811172962188,tracy,walking,05-2026-03-04,tracy_walking_05-2026-03-04_18-18-42
1772648326852767200,4.477767333984375,-0.6596251130104065,-1.7544355392456057,-2.6836674213409424,4.480267333984375,0.2540653645992279,-0.0853542387485504,-0.3350253701210022,tracy,walking,05-2026-03-04,tracy_walking_05-2026-03-04_18-18-42
1772648326872777700,4.49777783203125,-1.0394926071166992,4.497168064117432,-0.8109058141708374,4.500277587890625,0.1912147998809814,0.0211721118539571,-0.1810947954654693,tracy,walking,05-2026-03-04,tracy_walking_05-2026-03-04_18-18-42
1772648326892788000,4.5177880859375,-0.6927521228790283,3.5083298683166504,-0.9161986112594604,4.5202880859375,-0.0735031813383102,0.2017342746257782,-0.0127831622958183,tracy,walking,05-2026-03-04,tracy_walking_05-2026-03-04_18-18-42
1772648326912798500,4.537798583984375,-1.208143711090088,2.1204380989074707,-0.3423764705657959,4.54029833984375,-0.2769685089588165,0.301336407661438,0.1331579387187957,tracy,walking,05-2026-03-04,tracy_walking_05-2026-03-04_18-18-42
1772648326932808700,4.55780859375,-1.8697283267974851,1.6767230033874512,-0.5822147130966187,4.560308837890625,-0.2822948396205902,0.1591237336397171,0.3387537896633148,tracy,walking,05-2026-03-04,tracy_walking_05-2026-03-04_18-18-42
1772648326952819200,4.577819091796875,-2.1212124824523926,0.609461784362793,-1.954884648323059,4.580319091796875,-0.2242379784584045,0.1511342674493789,0.4777706861495971,tracy,walking,05-2026-03-04,tracy_walking_05-2026-03-04_18-18-42
1772648326972829400,4.597829345703125,-1.6722809076309204,-0.1854429244995117,-3.027407646179199,4.60032958984375,-0.1363537311553955,0.2533995509147644,0.4974780678749084,tracy,walking,05-2026-03-04,tracy_walking_05-2026-03-04_18-18-42
1772648326992840000,4.61783984375,-1.3623168468475342,0.0125598907470703,-3.270132541656494,4.62033984375,-0.066046342253685,0.2603237628936767,0.5186501741409302,tracy,walking,05-2026-03-04,tracy_walking_05-2026-03-04_18-18-42
1772648327012850200,4.63785009765625,-1.3854137659072876,0.4718046188354492,-3.050537109375,4.640350341796875,-0.152865320444107,0.2390184998512268,0.5154544115066528,tracy,walking,05-2026-03-04,tracy_walking_05-2026-03-04_18-18-42
1772648327032860700,4.657860595703125,-0.7472478151321411,-0.0685043334960937,-1.3068668842315674,4.660360595703125,-0.3249053657054901,0.0637826547026634,0.3657848536968231,tracy,walking,05-2026-03-04,tracy_walking_05-2026-03-04_18-18-42
1772648327052871200,4.67787109375,-0.3907747268676758,-1.1700935363769531,-0.0058579444885253,4.68037109375,-0.4458127915859222,-0.252600610256195,0.1527321636676788,tracy,walking,05-2026-03-04,tracy_walking_05-2026-03-04_18-18-42
1772648327072879900,4.6978798828125,0.160946249961853,-0.9441413879394532,-0.2612506151199341,4.7003798828125,-0.4942822754383087,-0.492284893989563,-0.0885500311851501,tracy,walking,05-2026-03-04,tracy_walking_05-2026-03-04_18-18-42
1772648327092888600,4.717888671875,0.4164637327194214,-0.0670509338378906,-0.6733989715576172,4.720388427734375,-0.4857601523399353,-0.53436279296875,-0.2280995547771453,tracy,walking,05-2026-03-04,tracy_walking_05-2026-03-04_18-18-42
1772648327112897300,4.737897216796875,0.461391270160675,0.2898025512695312,-0.644045352935791,4.7403974609375,-0.3978759348392486,-0.4672512114048004,-0.2472742944955825,tracy,walking,05-2026-03-04,tracy_walking_05-2026-03-04_18-18-42
1772648327132906000,4.757906005859375,0.3265552520751953,0.2941741943359375,-0.8542463779449463,4.760406005859375,-0.3115895688533783,-0.3857585489749908,-0.1780321598052978,tracy,walking,05-2026-03-04,tracy_walking_05-2026-03-04_18-18-42
1772648327152914700,4.777914794921875,0.0438378453254699,0.415959358215332,-1.0399415493011477,4.780414794921875,-0.2535327076911926,-0.2760364115238189,-0.0251668505370616,tracy,walking,05-2026-03-04,tracy_walking_05-2026-03-04_18-18-42
1772648327172923400,4.79792333984375,-0.1139702200889587,0.5129413604736328,-1.0798405408859253,4.800423583984375,-0.2652506232261657,-0.1934784948825836,0.1426121592521667,tracy,walking,05-2026-03-04,tracy_walking_05-2026-03-04_18-18-42
1772648327192932000,4.81793212890625,-0.0863307118415832,0.4911127090454101,-1.075711727142334,4.82043212890625,-0.3440801203250885,-0.1412805765867233,0.2965427339076996,tracy,walking,05-2026-03-04,tracy_walking_05-2026-03-04_18-18-42
1772648327212941000,4.837941162109375,0.2874997854232788,0.2492876052856445,-0.8520805835723877,4.84044091796875,-0.4079959392547607,-0.1221058294177055,0.3865574896335602,tracy,walking,05-2026-03-04,tracy_walking_05-2026-03-04_18-18-42
1772648327232949800,4.85794970703125,0.7424591779708862,-0.1005792617797851,-0.4896973371505737,4.86044970703125,-0.4324969947338104,-0.2062616497278213,0.3545995950698852,tracy,walking,05-2026-03-04,tracy_walking_05-2026-03-04_18-18-42
1772648327252958500,4.87795849609375,0.8170279860496521,0.0683460235595703,-0.3672000169754028,4.880458251953125,-0.4202464520931244,-0.1934784948825836,0.3498059213161468,tracy,walking,05-2026-03-04,tracy_walking_05-2026-03-04_18-18-42
1772648327272967200,4.89796728515625,0.9514983892440796,-0.0617609024047851,-0.175735592842102,4.900467041015625,-0.3723095953464508,-0.1418132036924362,0.3286337852478027,tracy,walking,05-2026-03-04,tracy_walking_05-2026-03-04_18-18-42
1772648327292975900,4.917975830078125,1.0829176902770996,-0.1052532196044921,-0.0888956785202026,4.920475830078125,-0.3371559083461761,-0.0864195004105568,0.3275685310363769,tracy,walking,05-2026-03-04,tracy_walking_05-2026-03-04_18-18-42
1772648327312984600,4.937984619140625,1.2478818893432615,-0.1987075805664062,0.0308166742324829,4.940484619140625,-0.2780337929725647,-0.0800279229879379,0.3094590604305267,tracy,walking,05-2026-03-04,tracy_walking_05-2026-03-04_18-18-42
1772648327332993300,4.9579931640625,1.2611883878707886,-0.268259048461914,0.0190002918243408,4.960493408203125,-0.1864211112260818,-0.0853542387485504,0.2817622125148773,tracy,walking,05-2026-03-04,tracy_walking_05-2026-03-04_18-18-42
1772648327353002000,4.978001953125,1.1108222007751465,-0.2919826507568359,-0.1160191297531127,4.980502197265625,-0.1214400380849838,-0.0704405531287193,0.2711095809936523,tracy,walking,05-2026-03-04,tracy_walking_05-2026-03-04_18-18-42
1772648327373010700,4.9980107421875,0.8965136408805847,-0.2167797088623047,-0.396202802658081,5.0005107421875,-0.0900147706270217,-0.0480700172483921,0.295610636472702,tracy,walking,05-2026-03-04,tracy_walking_05-2026-03-04_18-18-42
1772648327393019400,5.018019287109375,0.943537414073944,-0.4146661758422851,-0.5991867780685425,5.02051953125,-0.1262337267398834,0.0121173728257417,0.3004043102264404,tracy,walking,05-2026-03-04,tracy_walking_05-2026-03-04_18-18-42
1772648327413028400,5.0380283203125,1.2439472675323486,-0.2764339447021484,-0.6638219356536865,5.040528076171875,-0.1571263670921325,0.0504668578505516,0.2881537973880768,tracy,walking,05-2026-03-04,tracy_walking_05-2026-03-04_18-18-42
1772648327433037000,5.058037109375,1.444761037826538,-0.5519399642944336,-0.5766359567642212,5.060536865234375,-0.1571263670921325,0.0243679024279117,0.2583264112472534,tracy,walking,05-2026-03-04,tracy_walking_05-2026-03-04_18-18-42
1772648327453045800,5.078045654296875,1.3243656158447266,-0.7960567474365234,-0.6119956970214844,5.080545654296875,-0.1688442677259445,-0.067777395248413,0.2423474490642547,tracy,walking,05-2026-03-04,tracy_walking_05-2026-03-04_18-18-42
1772648327473054500,5.098054443359375,1.3256590366363523,-1.2329416275024414,0.0694769620895385,5.10055419921875,-0.1145158261060714,-0.2249037623405456,0.1751026958227157,tracy,walking,05-2026-03-04,tracy_walking_05-2026-03-04_18-18-42
1772648327493063200,5.118063232421875,1.2562685012817385,-1.712982177734375,-0.7898527383804321,5.12056298828125,-0.1022652983665466,-0.2280995547771453,0.1229047775268554,tracy,walking,05-2026-03-04,tracy_walking_05-2026-03-04_18-18-42
1772648327513071900,5.13807177734375,1.6997052431106567,-2.3164968490600586,-1.0615262985229492,5.140572021484375,-0.1054610908031463,0.0014647373463958,0.004660528153181,tracy,walking,05-2026-03-04,tracy_walking_05-2026-03-04_18-18-42
1772648327533080600,5.15808056640625,1.5280869007110596,-2.6824636459350586,-0.9134607315063475,5.16058056640625,-0.1747032105922699,0.3253048360347748,-0.1577921658754348,tracy,walking,05-2026-03-04,tracy_walking_05-2026-03-04_18-18-42
1772648327553089300,5.17808935546875,-0.0949313640594482,-2.8022708892822266,0.0124633312225341,5.18058935546875,-0.1794968992471695,0.4946817457675934,-0.3042658865451813,tracy,walking,05-2026-03-04,tracy_walking_05-2026-03-04_18-18-42
1772648327573099300,5.198099365234375,-1.9431110620498655,-2.372537612915039,0.7331500053405762,5.20059912109375,0.0101200034841895,0.2352900803089141,-0.4075964689254761,tracy,walking,05-2026-03-04,tracy_walking_05-2026-03-04_18-18-42
1772648327593109200,5.218109130859375,-2.768092155456543,-0.6700286865234375,0.3929705619812011,5.220609375,0.2018674314022064,-0.2142511308193206,-0.4949480593204498,tracy,walking,05-2026-03-04,tracy_walking_05-2026-03-04_18-18-42
1772648327613119200,5.238119140625,-2.6511332988739014,0.9987945556640624,-0.5340158939361572,5.240619384765625,0.2199769169092178,-0.4422175288200378,-0.5854954719543457,tracy,walking,05-2026-03-04,tracy_walking_05-2026-03-04_18-18-42
1772648327633129200,5.258129150390625,-2.137463331222534,2.8587746620178223,-0.7347586154937744,5.26062939453125,0.2870885133743286,-0.5833649635314941,-0.7010765671730042,tracy,walking,05-2026-03-04,tracy_walking_05-2026-03-04_18-18-42
1772648327653139200,5.27813916015625,-1.7451791763305664,2.933231830596924,-0.035750389099121,5.280639404296875,0.4538022577762604,-0.6163880825042725,-0.7202513217926025,tracy,walking,05-2026-03-04,tracy_walking_05-2026-03-04_18-18-42
1772648327673149200,5.298149169921875,-2.2381720542907715,1.4330120086669922,0.3525362014770508,5.300649169921875,0.5896233320236206,-0.7223818302154541,-0.6045370697975159,tracy,walking,05-2026-03-04,tracy_walking_05-2026-03-04_18-18-42
1772648327693159200,5.3181591796875,-2.398005485534668,-0.1792240142822265,-0.2977726459503174,5.3206591796875,0.38189697265625,-0.6073333621025085,-0.3328948616981506,tracy,walking,05-2026-03-04,tracy_walking_05-2026-03-04_18-18-42
1772648327713169200,5.338169189453125,-1.1059842109680176,-1.8919363021850584,-0.5911296606063843,5.340669189453125,0.1390168964862823,-0.3543332815170288,-0.1587242633104324,tracy,walking,05-2026-03-04,tracy_walking_05-2026-03-04_18-18-42
1772648327733179400,5.358179443359375,0.478331983089447,-2.587672233581543,0.0267884731292724,5.36067919921875,0.2311621904373169,-0.010785792954266,-0.1059937179088592,tracy,walking,05-2026-03-04,tracy_walking_05-2026-03-04_18-18-42
1772648327753189400,5.378189453125,0.8552709221839905,-2.2606019973754883,0.2408713102340698,5.380689208984375,0.4878906905651092,0.1740374267101287,-0.1209074109792709,tracy,walking,05-2026-03-04,tracy_walking_05-2026-03-04_18-18-42
1772648327773199400,5.398199462890625,0.8499742746353149,-0.8488893508911133,-0.0330140590667724,5.40069921875,0.5587307214736938,0.2480732500553131,-0.1954758614301681,tracy,walking,05-2026-03-04,tracy_walking_05-2026-03-04_18-18-42
1772648327793209300,5.418209228515625,0.4080530107021332,0.082427978515625,-0.1654717922210693,5.420709228515625,0.4953475296497345,0.3141195774078369,-0.2775011360645294,tracy,walking,05-2026-03-04,tracy_walking_05-2026-03-04_18-18-42
1772648327813219300,5.43821923828125,-0.1061321794986724,0.288395881652832,-0.0360240936279296,5.440719482421875,0.4415517449378967,0.4547343552112579,-0.3419495820999145,tracy,walking,05-2026-03-04,tracy_walking_05-2026-03-04_18-18-42
1772648327833229300,5.458229248046875,-0.6684934496879578,0.8362836837768555,0.1452734470367431,5.4607294921875,0.4942822754383087,0.5905554890632629,-0.3195790648460388,tracy,walking,05-2026-03-04,tracy_walking_05-2026-03-04_18-18-42
1772648327853239300,5.4782392578125,-0.8435854911804199,1.317549705505371,-0.1823567152023315,5.480739501953125,0.4868254363536834,0.6347638964653015,-0.2487390339374542,tracy,walking,05-2026-03-04,tracy_walking_05-2026-03-04_18-18-42
1772648327873249300,5.498249267578125,-0.818936824798584,1.5046157836914062,-0.2685004472732544,5.500749267578125,0.3866906464099884,0.5639238953590393,-0.164583221077919,tracy,walking,05-2026-03-04,tracy_walking_05-2026-03-04_18-18-42
1772648327893259300,5.51825927734375,-0.5284497141838074,1.4481754302978516,-0.1989650726318359,5.52075927734375,0.2881537973880768,0.370045930147171,-0.0942758247256279,tracy,walking,05-2026-03-04,tracy_walking_05-2026-03-04_18-18-42
1772648327913269200,5.538269287109375,-0.113195925951004,1.4478082656860352,-0.3315309286117553,5.540769287109375,0.2008021771907806,0.1292963624000549,-0.0351536944508552,tracy,walking,05-2026-03-04,tracy_walking_05-2026-03-04_18-18-42
1772648327933279200,5.558279296875,0.4221007227897644,2.013567447662353,-0.7331839799880981,5.560779296875,0.040480013936758,0.0813594982028007,0.0170442163944244,tracy,walking,05-2026-03-04,tracy_walking_05-2026-03-04_18-18-42
1772648327953289200,5.578289306640625,0.9712200164794922,1.815743923187256,-0.8303405046463013,5.580789306640625,-0.1720400601625442,0.1724395304918289,0.0356863290071487,tracy,walking,05-2026-03-04,tracy_walking_05-2026-03-04_18-18-42
1772648327973299500,5.598299560546875,1.2031325101852417,1.4678306579589844,-0.5372610092163086,5.60079931640625,-0.3344927430152893,0.2555300891399383,0.0351536944508552,tracy,walking,05-2026-03-04,tracy_walking_05-2026-03-04_18-18-42
1772648327993309400,5.618309326171875,1.066709280014038,1.143890380859375,0.0206794738769531,5.620809326171875,-0.3808317184448242,0.3279680013656616,0.0468715950846672,tracy,walking,05-2026-03-04,tracy_walking_05-2026-03-04_18-18-42
1772648328013319400,5.6383193359375,0.9888228178024292,0.7865734100341797,0.5359177589416504,5.6408193359375,-0.3004043102264404,0.3492732644081116,0.0532631762325763,tracy,walking,05-2026-03-04,tracy_walking_05-2026-03-04_18-18-42
1772648328033329400,5.658329345703125,0.8700854182243347,0.21966552734375,0.827765703201294,5.660829345703125,-0.1704421639442443,0.2624543011188507,0.0424773842096328,tracy,walking,05-2026-03-04,tracy_walking_05-2026-03-04_18-18-42
1772648328053339400,5.67833935546875,0.7171105146408081,-0.605341911315918,0.944331169128418,5.680839599609375,-0.0564589649438858,0.1745700538158416,-0.0310258008539676,tracy,walking,05-2026-03-04,tracy_walking_05-2026-03-04_18-18-42
1772648328073348400,5.698348388671875,0.3511017560958862,-1.5501337051391602,0.7249405384063721,5.700848388671875,0.0245010610669851,0.2219742834568023,-0.1253016293048858,tracy,walking,05-2026-03-04,tracy_walking_05-2026-03-04_18-18-42
1772648328093357600,5.718357666015625,-0.0349161922931671,-1.7149410247802734,0.7328202724456787,5.720857421875,0.0740358158946037,0.3711111843585968,-0.1151816174387931,tracy,walking,05-2026-03-04,tracy_walking_05-2026-03-04_18-18-42
1772648328113366500,5.738366455078125,0.203929990530014,-1.8882646560668943,1.2706243991851809,5.74086669921875,0.1113200411200523,0.4057322442531585,-0.106126882135868,tracy,walking,05-2026-03-04,tracy_walking_05-2026-03-04_18-18-42
1772648328133375500,5.75837548828125,0.3994499146938324,-1.791398048400879,2.0517749786376958,5.76087548828125,0.2455432415008545,0.2603237628936767,-0.0747016072273254,tracy,walking,05-2026-03-04,tracy_walking_05-2026-03-04_18-18-42
1772648328153384700,5.778384765625,0.3758156597614288,-2.406543731689453,2.488499164581299,5.780884521484375,0.5235770344734192,0.0494015961885452,-0.1242363601922988,tracy,walking,05-2026-03-04,tracy_walking_05-2026-03-04_18-18-42
1772648328173393700,5.7983935546875,-0.1686879098415374,-4.025691986083984,1.7834725379943848,5.8008935546875,0.7350318431854248,-0.1130510941147804,-0.2259690314531326,tracy,walking,05-2026-03-04,tracy_walking_05-2026-03-04_18-18-42
1772648328193402600,5.818402587890625,-1.337313890457153,-5.246424674987793,0.0437390804290771,5.82090283203125,0.7036065459251404,-0.0816258192062377,-0.2611227333545685,tracy,walking,05-2026-03-04,tracy_walking_05-2026-03-04_18-18-42
1772648328213411600,5.83841162109375,-1.1913007497787476,-2.452705383300781,-2.1633012294769287,5.84091162109375,0.3802990913391113,-0.1460742652416229,-0.2760364115238189,tracy,walking,05-2026-03-04,tracy_walking_05-2026-03-04_18-18-42
1772648328233420800,5.8584208984375,-1.116464138031006,4.095874309539795,-1.248252511024475,5.860920654296875,0.163517951965332,-0.1125184595584869,-0.1300953030586242,tracy,walking,05-2026-03-04,tracy_walking_05-2026-03-04_18-18-42
1772648328253429800,5.8784296875,-0.445180743932724,3.92276382446289,-0.8555151224136353,5.8809296875,-0.0420779101550579,0.0382163301110267,0.0456731729209423,tracy,walking,05-2026-03-04,tracy_walking_05-2026-03-04_18-18-42
1772648328273438700,5.898438720703125,-0.5903005003929138,1.7017226219177246,-0.2845537662506103,5.900938720703125,-0.1922800689935684,0.2374206036329269,0.197073757648468,tracy,walking,05-2026-03-04,tracy_walking_05-2026-03-04_18-18-42
1772648328293447700,5.91844775390625,-0.98827064037323,0.0590553283691406,-0.0133204460144042,5.92094775390625,-0.2002695500850677,0.0462058037519454,0.3158506453037262,tracy,walking,05-2026-03-04,tracy_walking_05-2026-03-04_18-18-42
1772648328313457000,5.938456787109375,-1.9417431354522705,-0.1410112380981445,-1.717666745185852,5.940956787109375,-0.1326253116130828,0.1101216152310371,0.3792338073253631,tracy,walking,05-2026-03-04,tracy_walking_05-2026-03-04_18-18-42
1772648328333465900,5.9584658203125,-2.0118825435638428,0.6558294296264648,-2.8298184871673584,5.960966064453125,-0.0825579240918159,0.236887976527214,0.4330296218395233,tracy,walking,05-2026-03-04,tracy_walking_05-2026-03-04_18-18-42
1772648328353474800,5.978474853515625,-1.3343300819396973,1.156895637512207,-3.1603899002075195,5.980974853515625,-0.0942758247256279,0.2107890248298645,0.5012065172195435,tracy,walking,05-2026-03-04,tracy_walking_05-2026-03-04_18-18-42
1772648328373484000,5.998484130859375,-1.5039235353469849,0.7433023452758789,-3.5718235969543457,6.00098388671875,-0.2125200778245926,0.1985384821891784,0.5443496704101562,tracy,walking,05-2026-03-04,tracy_walking_05-2026-03-04_18-18-42
1772648328393493000,6.018492919921875,-1.228013515472412,0.6214466094970703,-2.5075156688690186,6.020992919921875,-0.3856253921985626,0.0632500201463699,0.5086633563041687,tracy,walking,05-2026-03-04,tracy_walking_05-2026-03-04_18-18-42
1772648328413502000,6.038501953125,-0.8908860683441162,-0.2718439102172851,-0.8794924020767212,6.041001953125,-0.4719117283821106,-0.154063731431961,0.3984085619449615,tracy,walking,05-2026-03-04,tracy_walking_05-2026-03-04_18-18-42
1772648328433511000,6.058510986328125,-0.2750124931335449,-1.4942588806152344,-0.1217851638793945,6.061010986328125,-0.5001412034034729,-0.3841606676578522,0.1928126960992813,tracy,walking,05-2026-03-04,tracy_walking_05-2026-03-04_18-18-42
1772648328453520000,6.078519775390625,0.2678667306900024,-1.248149871826172,-0.2841717004776001,6.08102001953125,-0.4964128136634826,-0.5013396739959717,-0.0218379013240337,tracy,walking,05-2026-03-04,tracy_walking_05-2026-03-04_18-18-42
1772648328473529000,6.098529052734375,0.6529393792152405,-0.3277788162231445,-0.4186933040618896,6.101029296875,-0.4122569859027862,-0.4704470038414001,-0.1348889917135238,tracy,walking,05-2026-03-04,tracy_walking_05-2026-03-04_18-18-42
1772648328493538000,6.1185380859375,0.5091039538383484,0.2633552551269531,-0.7493095397949219,6.1210380859375,-0.3414169549942016,-0.3937480449676513,-0.1221058294177055,tracy,walking,05-2026-03-04,tracy_walking_05-2026-03-04_18-18-42
1772648328513547000,6.138547119140625,0.5748955607414246,0.5709152221679688,-0.8564709424972534,6.141047119140625,-0.2892190515995025,-0.2898848354816437,-0.0422110669314861,tracy,walking,05-2026-03-04,tracy_walking_05-2026-03-04_18-18-42
1772648328533556200,6.15855615234375,0.4625296592712402,0.5389623641967773,-0.8309056758880615,6.16105615234375,-0.2460758686065673,-0.1924132257699966,0.1026647686958313,tracy,walking,05-2026-03-04,tracy_walking_05-2026-03-04_18-18-42
1772648328553565200,6.178565185546875,0.5462011694908142,0.5812454223632812,-0.865288257598877,6.181065185546875,-0.2721748352050781,-0.122638463973999,0.248605877161026,tracy,walking,05-2026-03-04,tracy_walking_05-2026-03-04_18-18-42
1772648328573575200,6.1985751953125,0.8802032470703125,0.4579019546508789,-0.7781929969787598,6.2010751953125,-0.325437992811203,-0.0576573871076107,0.3343595862388611,tracy,walking,05-2026-03-04,tracy_walking_05-2026-03-04_18-18-42
1772648328593585200,6.218585205078125,0.9847856760025024,0.2141351699829101,-0.5034095048904419,6.221085205078125,-0.337688535451889,-0.032091062515974,0.3519364297389984,tracy,walking,05-2026-03-04,tracy_walking_05-2026-03-04_18-18-42
1772648328613595400,6.238595458984375,0.9080907106399536,-0.1856832504272461,-0.4749666452407837,6.241095458984375,-0.3430148661136627,0.013715268112719,0.3524690568447113,tracy,walking,05-2026-03-04,tracy_walking_05-2026-03-04_18-18-42
1772648328633605400,6.25860546875,0.5765706896781921,-0.0462627410888671,-0.3838644027709961,6.26110546875,-0.3227748572826385,0.067511074244976,0.3689806461334228,tracy,walking,05-2026-03-04,tracy_walking_05-2026-03-04_18-18-42
1772648328653615600,6.27861572265625,0.6437779068946838,-0.2855691909790039,-0.1958353519439697,6.281115478515625,-0.2854906320571899,0.0696416050195694,0.401471197605133,tracy,walking,05-2026-03-04,tracy_walking_05-2026-03-04_18-18-42
1772648328673625600,6.29862548828125,0.8204784989356995,-0.2108449935913086,-0.1113840341567993,6.301125732421875,-0.2625874578952789,0.0557931773364543,0.4195806682109833,tracy,walking,05-2026-03-04,tracy_walking_05-2026-03-04_18-18-42
1772648328693635800,6.3186357421875,0.9661522507667542,-0.3197383880615234,0.1768556833267212,6.3211357421875,-0.2210421860218048,-0.0145142152905464,0.3972101509571075,tracy,walking,05-2026-03-04,tracy_walking_05-2026-03-04_18-18-42
1772648328713645800,6.338645751953125,0.8565880656242371,-0.3996162414550781,0.4529811143875122,6.34114599609375,-0.1395495235919952,-0.1050616130232811,0.3668501377105713,tracy,walking,05-2026-03-04,tracy_walking_05-2026-03-04_18-18-42
1772648328733656000,6.358656005859375,0.6805757880210876,-0.5263528823852539,0.2772051095962524,6.361156005859375,-0.0580568611621856,-0.1711079478263855,0.315717488527298,tracy,walking,05-2026-03-04,tracy_walking_05-2026-03-04_18-18-42
1772648328753666000,6.378666015625,0.7240269780158997,-0.4445810317993164,0.0602294206619262,6.381166259765625,-0.0143810575827956,-0.2296974509954452,0.2454100847244262,tracy,walking,05-2026-03-04,tracy_walking_05-2026-03-04_18-18-42
1772648328773676000,6.398676025390625,1.175868272781372,-0.1282835006713867,-0.6720355749130249,6.401176025390625,-0.0516652800142765,-0.2605900764465332,0.1985384821891784,tracy,walking,05-2026-03-04,tracy_walking_05-2026-03-04_18-18-42
1772648328793686300,6.418686279296875,1.963918924331665,-0.0316658020019531,-1.2057440280914309,6.421186279296875,-0.1288968920707702,-0.1956090182065963,0.1756353229284286,tracy,walking,05-2026-03-04,tracy_walking_05-2026-03-04_18-18-42
1772648328813696300,6.4386962890625,2.119130373001098,-0.3762712478637695,-0.6175276041030884,6.4411962890625,-0.1342232078313827,-0.2435458749532699,0.1138500422239303,tracy,walking,05-2026-03-04,tracy_walking_05-2026-03-04_18-18-42
1772648328833706500,6.45870654296875,1.991209387779236,-1.2905006408691406,-0.146573781967163,6.461206298828125,-0.0644484460353851,-0.3516701161861419,-0.0225036926567554,tracy,walking,05-2026-03-04,tracy_walking_05-2026-03-04_18-18-42
1772648328853716500,6.478716552734375,1.815420627593994,-2.250345230102539,-0.6624668836593628,6.481216552734375,-0.0761663392186164,-0.2355563938617706,-0.2073269188404083,tracy,walking,05-2026-03-04,tracy_walking_05-2026-03-04_18-18-42
1772648328873726700,6.498726806640625,1.7205147743225098,-2.8734054565429688,-0.7157748937606812,6.5012265625,-0.1081242486834526,0.1133174076676368,-0.4214448928833008,tracy,walking,05-2026-03-04,tracy_walking_05-2026-03-04_18-18-42
1772648328893736700,6.51873681640625,0.5609228014945984,-2.968412399291992,-0.4176318645477295,6.52123681640625,-0.1629853248596191,0.4930838644504547,-0.621048629283905,tracy,walking,05-2026-03-04,tracy_walking_05-2026-03-04_18-18-42
1772648328913747000,6.538746826171875,-1.2687760591506958,-2.760792732238769,0.4132382869720459,6.541246826171875,0.0085221081972122,0.4882901608943939,-0.7270423769950867,tracy,walking,05-2026-03-04,tracy_walking_05-2026-03-04_18-18-42
1772648328933757000,6.5587568359375,-2.675323009490967,-1.8345727920532229,0.7226312160491943,6.561257080078125,0.2572611272335052,0.0323573797941207,-0.7648591995239258,tracy,walking,05-2026-03-04,tracy_walking_05-2026-03-04_18-18-42
1772648328953767000,6.578766845703125,-3.0791893005371094,0.0516920089721679,-0.3540995121002197,6.58126708984375,0.392549604177475,-0.3372890651226043,-0.7669897079467773,tracy,walking,05-2026-03-04,tracy_walking_05-2026-03-04_18-18-42
1772648328973777200,6.598777099609375,-2.469738245010376,1.9828200340271,-0.4970695972442627,6.601277099609375,0.4229096174240112,-0.4411522448062897,-0.805871844291687,tracy,walking,05-2026-03-04,tracy_walking_05-2026-03-04_18-18-42
1772648328993787100,6.618787109375,-2.073516845703125,2.924330234527588,0.233601689338684,6.621287353515625,0.5225117802619934,-0.605202853679657,-0.8399602770805359,tracy,walking,05-2026-03-04,tracy_walking_05-2026-03-04_18-18-42
1772648329013797400,6.63879736328125,-2.647296905517578,1.5771198272705078,0.3821756839752197,6.641297119140625,0.5922865271568298,-0.7367628812789917,-0.6535391807556152,tracy,walking,05-2026-03-04,tracy_walking_05-2026-03-04_18-18-42
1772648329033807400,6.658807373046875,-2.566538095474243,0.6506462097167969,-0.7258080244064331,6.661307373046875,0.3850927650928497,-0.6249102354049683,-0.3371559083461761,tracy,walking,05-2026-03-04,tracy_walking_05-2026-03-04_18-18-42
1772648329053817600,6.678817626953125,-0.967609167098999,-1.4180288314819336,-0.964043378829956,6.6813173828125,0.1496695280075073,-0.2605900764465332,-0.0900147706270217,tracy,walking,05-2026-03-04,tracy_walking_05-2026-03-04_18-18-42
1772648329073826600,6.69882666015625,0.7171644568443298,-2.8567819595336914,-0.1506717205047607,6.70132666015625,0.1794968992471695,0.0755005553364753,-0.0037284223362803,tracy,walking,05-2026-03-04,tracy_walking_05-2026-03-04_18-18-42
1772648329093835800,6.718835693359375,0.9175215363502502,-2.0824575424194336,0.1718757152557373,6.7213359375,0.3547327518463135,0.2209090292453766,-0.0766989737749099,tracy,walking,05-2026-03-04,tracy_walking_05-2026-03-04_18-18-42
1772648329113845000,6.738844970703125,0.5933172702789307,-0.5535554885864258,0.0165492296218872,6.741344970703125,0.4308990836143493,0.3263701200485229,-0.1400821506977081,tracy,walking,05-2026-03-04,tracy_walking_05-2026-03-04_18-18-42
1772648329133854200,6.758854248046875,0.1035379022359848,0.3598823547363281,0.0704028606414794,6.761354248046875,0.3952127695083618,0.3327617049217224,-0.1837579607963562,tracy,walking,05-2026-03-04,tracy_walking_05-2026-03-04_18-18-42
1772648329153863400,6.778863525390625,-0.4434967637062073,0.6111879348754883,0.2533841133117676,6.781363525390625,0.3850927650928497,0.3988080322742462,-0.217846393585205,tracy,walking,05-2026-03-04,tracy_walking_05-2026-03-04_18-18-42
1772648329173872600,6.79887255859375,-0.7861016988754272,0.6539096832275391,0.1976485252380371,6.80137255859375,0.436225414276123,0.5351617336273193,-0.1912147998809814,tracy,walking,05-2026-03-04,tracy_walking_05-2026-03-04_18-18-42
1772648329193881900,6.8188818359375,-0.6202710270881653,1.337261199951172,-0.0155262947082519,6.821381591796875,0.4127896130084991,0.5223786234855652,-0.140614777803421,tracy,walking,05-2026-03-04,tracy_walking_05-2026-03-04_18-18-42
1772648329213891000,6.83889111328125,-0.3803896307945251,1.7811627388000488,-0.181300401687622,6.841390869140625,0.3249053657054901,0.4344943463802337,-0.0958737134933471,tracy,walking,05-2026-03-04,tracy_walking_05-2026-03-04_18-18-42
1772648329233900000,6.858900146484375,-0.0941898971796035,1.8632397651672363,-0.2541697025299072,6.861400146484375,0.2242379784584045,0.2917490601539612,-0.0617852844297885,tracy,walking,05-2026-03-04,tracy_walking_05-2026-03-04_18-18-42
1772648329253909200,6.8789091796875,0.3332252502441406,2.0131516456604004,-0.4208037853240967,6.881409423828125,0.0889495015144348,0.1442100554704666,-0.020240006968379,tracy,walking,05-2026-03-04,tracy_walking_05-2026-03-04_18-18-42
1772648329273918500,6.89891845703125,0.773193895816803,1.919747829437256,-0.4825752973556518,6.90141845703125,-0.0830905586481094,0.1351553052663803,0.0211721118539571,tracy,walking,05-2026-03-04,tracy_walking_05-2026-03-04_18-18-42
1772648329293927700,6.918927734375,1.0563730001449585,1.6294779777526855,-0.1363594532012939,6.921427734375,-0.2354232370853424,0.1516668945550918,0.0254331659525632,tracy,walking,05-2026-03-04,tracy_walking_05-2026-03-04_18-18-42
1772648329313937000,6.93893701171875,1.055389404296875,1.106292724609375,0.2096574306488037,6.94143701171875,-0.2977411448955536,0.1767005920410156,0.0504668578505516,tracy,walking,05-2026-03-04,tracy_walking_05-2026-03-04_18-18-42
1772648329333946000,6.958946044921875,0.9424850940704346,0.7119789123535156,0.3139240741729736,6.9614462890625,-0.2940127253532409,0.2310290336608886,0.0872184485197067,tracy,walking,05-2026-03-04,tracy_walking_05-2026-03-04_18-18-42
1772648329353955300,6.978955322265625,1.055134415626526,0.2266492843627929,0.3157200813293457,6.981455322265625,-0.3115895688533783,0.2768353521823883,0.0962731912732124,tracy,walking,05-2026-03-04,tracy_walking_05-2026-03-04_18-18-42
1772648329373964500,6.998964599609375,1.1204530000686646,-0.100956916809082,0.7953310012817383,7.00146435546875,-0.2828274667263031,0.2629869282245636,0.043010015040636,tracy,walking,05-2026-03-04,tracy_walking_05-2026-03-04_18-18-42
1772648329393973800,7.018973876953125,0.6531997919082642,-0.4980525970458984,0.9519741535186768,7.0214736328125,-0.1640505790710449,0.3455448448657989,-0.027830010280013,tracy,walking,05-2026-03-04,tracy_walking_05-2026-03-04_18-18-42
1772648329413983000,7.03898291015625,-0.0367490351200103,-1.5656003952026367,0.9446578025817872,7.04148291015625,-0.011185267008841,0.435027003288269,-0.0757668688893318,tracy,walking,05-2026-03-04,tracy_walking_05-2026-03-04_18-18-42
1772648329433992000,7.058991943359375,-0.3065393269062042,-2.4239606857299805,1.3154916763305664,7.061491943359375,0.131027415394783,0.367915391921997,-0.0906805545091629,tracy,walking,05-2026-03-04,tracy_walking_05-2026-03-04_18-18-42
1772648329454001200,7.079001220703125,-0.1031983792781829,-2.2059812545776367,1.3191683292388916,7.081501220703125,0.1858884841203689,0.171906903386116,-0.0794952884316444,tracy,walking,05-2026-03-04,tracy_walking_05-2026-03-04_18-18-42
1772648329474010400,7.09901025390625,0.4593342840671539,-0.4998130798339844,1.6507909297943115,7.101510498046875,0.2487390339374542,0.0382163301110267,-0.0976047739386558,tracy,walking,05-2026-03-04,tracy_walking_05-2026-03-04_18-18-42
1772648329494019600,7.11901953125,0.9210275411605836,0.4293689727783203,2.2504868507385254,7.121519775390625,0.4175832867622375,-0.0272973775863647,-0.1023984551429748,tracy,walking,05-2026-03-04,tracy_walking_05-2026-03-04_18-18-42
1772648329514028800,7.13902880859375,0.7634428143501282,-1.2500810623168943,2.2252020835876465,7.14152880859375,0.5997433662414551,0.0003994738217443,-0.154063731431961,tracy,walking,05-2026-03-04,tracy_walking_05-2026-03-04_18-18-42
1772648329534038000,7.1590380859375,-0.4909387528896332,-4.25175666809082,2.2293944358825684,7.161537841796875,0.8202528953552246,0.1026647686958313,-0.1934784948825836,tracy,walking,05-2026-03-04,tracy_walking_05-2026-03-04_18-18-42
1772648329554047200,7.179047119140625,-1.3670179843902588,-5.692326545715332,-2.019627809524536,7.181547119140625,0.4713791012763977,-0.0502005442976951,-0.2451437711715698,tracy,walking,05-2026-03-04,tracy_walking_05-2026-03-04_18-18-42
1772648329574057000,7.199056884765625,-1.7526403665542605,-1.3901119232177734,-2.6027560234069824,7.20155712890625,0.1038631945848465,-0.0182426385581493,-0.1476721614599228,tracy,walking,05-2026-03-04,tracy_walking_05-2026-03-04_18-18-42
1772648329594067000,7.21906689453125,-1.327930212020874,3.9238104820251465,-1.2307711839675903,7.221567138671875,0.1459411084651947,-0.0486026480793952,-0.0326236970722675,tracy,walking,05-2026-03-04,tracy_walking_05-2026-03-04_18-18-42
1772648329614077000,7.239076904296875,-0.7502583265304565,2.1075148582458496,-1.318840503692627,7.241576904296875,-0.0447410680353641,0.1250353008508682,-0.0331563279032707,tracy,walking,05-2026-03-04,tracy_walking_05-2026-03-04_18-18-42
1772648329634087000,7.2590869140625,-0.9188788533210754,1.0300960540771484,-0.5678784847259521,7.2615869140625,-0.2119874358177185,0.1468732059001922,-0.0081226341426372,tracy,walking,05-2026-03-04,tracy_walking_05-2026-03-04_18-18-42
1772648329654097000,7.279096923828125,-1.4030832052230835,0.5336780548095703,-0.4830536842346191,7.281596923828125,-0.2061284929513931,-0.0448742248117923,0.0946752950549125,tracy,walking,05-2026-03-04,tracy_walking_05-2026-03-04_18-18-42
1772648329674107000,7.29910693359375,-2.1991357803344727,0.5645685195922852,-1.925487995147705,7.30160693359375,-0.0372842252254486,0.0659131780266761,0.2359558641910553,tracy,walking,05-2026-03-04,tracy_walking_05-2026-03-04_18-18-42
1772648329694116900,7.319116943359375,-1.231878399848938,0.3649854660034179,-3.147200584411621,7.32161669921875,0.0852210819721221,0.3391532599925995,0.329166442155838,tracy,walking,05-2026-03-04,tracy_walking_05-2026-03-04_18-18-42
1772648329714126800,7.339126953125,-0.6476699113845825,0.1168556213378906,-3.4732115268707275,7.341626953125,0.0548610724508762,0.3503385484218597,0.3669832944869995,tracy,walking,05-2026-03-04,tracy_walking_05-2026-03-04_18-18-42
1772648329734136800,7.35913671875,-1.2035950422286987,0.2477006912231445,-3.3713860511779785,7.36163671875,-0.1102547720074653,0.237953245639801,0.4250401556491852,tracy,walking,05-2026-03-04,tracy_walking_05-2026-03-04_18-18-42
1772648329754146800,7.379146728515625,-1.2320895195007324,0.6147775650024414,-2.181511163711548,7.381646728515625,-0.3371559083461761,0.0685763359069824,0.469781219959259,tracy,walking,05-2026-03-04,tracy_walking_05-2026-03-04_18-18-42
1772648329774156800,7.39915673828125,-0.3604410290718078,-0.5532913208007812,-0.9876164197921752,7.40165673828125,-0.5289033651351929,-0.0944089815020561,0.3605917096138,tracy,walking,05-2026-03-04,tracy_walking_05-2026-03-04_18-18-42
1772648329794166800,7.419166748046875,0.2557764053344726,-1.2695789337158203,-0.2503784894943237,7.42166650390625,-0.6258423328399658,-0.2717753648757934,0.1587242633104324,tracy,walking,05-2026-03-04,tracy_walking_05-2026-03-04_18-18-42
1772648329814176800,7.4391767578125,1.1133158206939695,-0.8246545791625977,-0.0017120838165283,7.441676513671875,-0.5550022721290588,-0.3255711793899536,-0.0692421272397041,tracy,walking,05-2026-03-04,tracy_walking_05-2026-03-04_18-18-42
1772648329834186500,7.4591865234375,1.1529736518859863,0.005385398864746,0.0596158504486084,7.4616865234375,-0.3472759127616882,-0.273905873298645,-0.1683116406202316,tracy,walking,05-2026-03-04,tracy_walking_05-2026-03-04_18-18-42
1772648329854196700,7.47919677734375,0.7429824471473694,0.5830545425415039,-0.5579043626785278,7.481696533203125,-0.1656484752893448,-0.1348889917135238,-0.1150484606623649,tracy,walking,05-2026-03-04,tracy_walking_05-2026-03-04_18-18-42
1772648329874206500,7.49920654296875,0.3038774132728576,1.022028923034668,-1.0692209005355835,7.50170654296875,-0.1049284562468528,0.0808268710970878,0.0275636930018663,tracy,walking,05-2026-03-04,tracy_walking_05-2026-03-04_18-18-42
1772648329894216400,7.519216552734375,-0.0464916229248046,0.7872304916381836,-1.0938773155212402,7.521716552734375,-0.1784316450357437,0.1639174222946167,0.1910816431045532,tracy,walking,05-2026-03-04,tracy_walking_05-2026-03-04_18-18-42
1772648329914226400,7.539226318359375,-0.042229413986206,0.5309610366821289,-1.121863603591919,7.5417265625,-0.3643201291561126,0.1213068813085556,0.3002711534500122,tracy,walking,05-2026-03-04,tracy_walking_05-2026-03-04_18-18-42
1772648329934236400,7.559236328125,0.1228609085083007,0.1832542419433593,-0.4154791831970215,7.561736572265625,-0.4063980281352997,-0.0283626411110162,0.2874879837036133,tracy,walking,05-2026-03-04,tracy_walking_05-2026-03-04_18-18-42
1772648329954246400,7.579246337890625,0.1478323936462402,-0.1123380661010742,-0.1561411619186401,7.58174658203125,-0.4016043543815613,-0.1466068923473358,0.2432795614004135,tracy,walking,05-2026-03-04,tracy_walking_05-2026-03-04_18-18-42
1772648329974256400,7.59925634765625,0.1210272312164306,-0.1187925338745117,0.0380250215530395,7.601756591796875,-0.3834948539733886,-0.1956090182065963,0.2166479676961898,tracy,walking,05-2026-03-04,tracy_walking_05-2026-03-04_18-18-42
1772648329994266400,7.619266357421875,0.0988199710845947,-0.1064472198486328,0.1528743505477905,7.621766357421875,-0.3249053657054901,-0.1956090182065963,0.2422142922878265,tracy,walking,05-2026-03-04,tracy_walking_05-2026-03-04_18-18-42
1772648330014276400,7.6392763671875,0.3933531045913696,-0.1818819046020507,0.2320598363876342,7.6417763671875,-0.251402199268341,-0.2051963806152343,0.3061301112174988,tracy,walking,05-2026-03-04,tracy_walking_05-2026-03-04_18-18-42
1772648330034286300,7.659286376953125,0.6308157444000244,-0.3256473541259765,0.169114351272583,7.661786376953125,-0.1747032105922699,-0.2589921951293945,0.3514038026332855,tracy,walking,05-2026-03-04,tracy_walking_05-2026-03-04_18-18-42
1772648330054296300,7.67929638671875,0.7223365306854248,-0.4392986297607422,0.2040451765060424,7.68179638671875,-0.0900147706270217,-0.3010700941085815,0.370045930147171,tracy,walking,05-2026-03-04,tracy_walking_05-2026-03-04_18-18-42
1772648330074304800,7.6993046875,0.616483747959137,-0.4911327362060547,0.2681946754455566,7.701804931640625,-0.0138484258204698,-0.3346258997917175,0.3620564341545105,tracy,walking,05-2026-03-04,tracy_walking_05-2026-03-04_18-18-42
1772648330094313500,7.7193134765625,0.6142893433570862,-0.3871545791625976,-0.0654250383377075,7.721813232421875,0.0303600095212459,-0.3468764424324035,0.3451453745365143,tracy,walking,05-2026-03-04,tracy_walking_05-2026-03-04_18-18-42
1772648330114322000,7.739322021484375,1.2938787937164309,-0.3244829177856445,-0.3058366775512695,7.741822021484375,0.0010652635246515,-0.3202448487281799,0.2881537973880768,tracy,walking,05-2026-03-04,tracy_walking_05-2026-03-04_18-18-42
1772648330134330600,7.75933056640625,1.7672362327575684,-0.0716161727905273,-0.8544694185256958,7.76183056640625,-0.0655137076973915,-0.210522711277008,0.2316948175430297,tracy,walking,05-2026-03-04,tracy_walking_05-2026-03-04_18-18-42
1772648330154339000,7.779339111328125,1.977550029754639,-0.0439414978027343,-0.8994377851486206,7.781839111328125,-0.0841558203101158,-0.1482047885656356,0.174170583486557,tracy,walking,05-2026-03-04,tracy_walking_05-2026-03-04_18-18-42
1772648330174347800,7.79934765625,1.6725183725357056,-0.7043533325195312,-0.1190072298049926,7.80184765625,0.0282294824719429,-0.1588574200868606,0.0852210819721221,tracy,walking,05-2026-03-04,tracy_walking_05-2026-03-04_18-18-42
1772648330194356200,7.819356201171875,1.3443782329559326,-1.4999618530273438,-0.379372239112854,7.821856201171875,0.0415452793240547,-0.1881521642208099,-0.0266315881162881,tracy,walking,05-2026-03-04,tracy_walking_05-2026-03-04_18-18-42
1772648330214365000,7.839364990234375,1.0166661739349363,-2.366905212402344,-1.0730963945388794,7.84186474609375,0.0852210819721221,-0.1103879362344741,-0.1848232150077819,tracy,walking,05-2026-03-04,tracy_walking_05-2026-03-04_18-18-42
1772648330234373400,7.859373291015625,0.6658113598823547,-2.8941869735717773,-1.7801475524902344,7.86187353515625,0.1203747764229774,0.1458079516887664,-0.3595264256000519,tracy,walking,05-2026-03-04,tracy_walking_05-2026-03-04_18-18-42
1772648330254382000,7.879382080078125,-0.189671516418457,-2.99100399017334,-1.2261769771575928,7.8818818359375,0.1086568832397461,0.1436774134635925,-0.5725791454315186,tracy,walking,05-2026-03-04,tracy_walking_05-2026-03-04_18-18-42
1772648330274390500,7.899390625,-1.925355076789856,-1.6533336639404297,-0.0435531139373779,7.901890625,0.2530000805854797,-0.1966742724180221,-0.7570028901100159,tracy,walking,05-2026-03-04,tracy_walking_05-2026-03-04_18-18-42
1772648330294399200,7.919399169921875,-2.9473016262054443,0.5450353622436523,0.2331321239471435,7.921899169921875,0.4021369814872741,-0.7346323728561401,-0.8869650363922119,tracy,walking,05-2026-03-04,tracy_walking_05-2026-03-04_18-18-42
1772648330314407700,7.93940771484375,-3.7052857875823975,2.1322455406188965,0.7586586475372314,7.94190771484375,0.4852275252342224,-1.213468313217163,-0.8534092307090759,tracy,walking,05-2026-03-04,tracy_walking_05-2026-03-04_18-18-42
1772648330334416400,7.95941650390625,-3.647209882736206,2.457479953765869,0.2357698678970337,7.961916259765625,0.469781219959259,-1.3705947399139404,-0.7404913306236267,tracy,walking,05-2026-03-04,tracy_walking_05-2026-03-04_18-18-42
1772648330354424800,7.9794248046875,-3.250432014465332,1.276932716369629,-1.4762823581695557,7.981925048828125,0.2860232591629028,-1.0829734802246094,-0.5114596486091614,tracy,walking,05-2026-03-04,tracy_walking_05-2026-03-04_18-18-42
1772648330374433500,7.99943359375,-1.7290195226669312,-0.411870002746582,-2.02677059173584,8.001933349609375,0.0937431901693344,-0.7703186869621277,-0.3010700941085815,tracy,walking,05-2026-03-04,tracy_walking_05-2026-03-04_18-18-42
1772648330394442000,8.01944189453125,0.3200026750564575,-1.5125808715820312,-0.7016588449478149,8.021942138671875,0.0692421272397041,-0.4331627786159515,-0.1743037402629852,tracy,walking,05-2026-03-04,tracy_walking_05-2026-03-04_18-18-42
1772648330414450700,8.03945068359375,1.088413119316101,-1.876148223876953,-0.0943504571914672,8.041950439453124,0.1251684576272964,-0.1679121702909469,-0.1498026847839355,tracy,walking,05-2026-03-04,tracy_walking_05-2026-03-04_18-18-42
1772648330434459100,8.059459228515625,0.4220589995384216,-1.6928911209106443,0.1816184520721435,8.061959228515626,0.1384842544794082,-0.032091062515974,-0.2227732390165329,tracy,walking,05-2026-03-04,tracy_walking_05-2026-03-04_18-18-42
1772648330454467800,8.0794677734375,-0.4697452783584595,-0.9936199188232422,-0.1179996728897094,8.0819677734375,0.0878842398524284,0.1484711021184921,-0.3000048398971557,tracy,walking,05-2026-03-04,tracy_walking_05-2026-03-04_18-18-42
1772648330474476300,8.099476318359375,-0.9069650173187256,-0.1422719955444336,0.0965127944946289,8.101976318359375,0.141680046916008,0.3290332853794098,-0.3346258997917175,tracy,walking,05-2026-03-04,tracy_walking_05-2026-03-04_18-18-42
1772648330494485000,8.119485107421875,-1.2393031120300293,0.3483495712280273,0.4468967914581299,8.12198486328125,0.2854906320571899,0.3759048581123352,-0.3543332815170288,tracy,walking,05-2026-03-04,tracy_walking_05-2026-03-04_18-18-42
1772648330514493400,8.139493408203125,-1.405943512916565,0.6952648162841797,0.152430772781372,8.131989013671875,0.3334274888038635,0.3689806461334228,-0.3458111584186554,tracy,walking,05-2026-03-04,tracy_walking_05-2026-03-04_18-18-42
1772648330534502100,8.159502197265626,-1.3928697109222412,0.8448619842529297,-0.0580508708953857,8.162001953125,0.2993390560150146,0.3519364297389984,-0.2371542900800705,tracy,walking,05-2026-03-04,tracy_walking_05-2026-03-04_18-18-42
1772648330554510600,8.179510498046875,-1.3626797199249268,0.6902980804443359,-0.3036019802093506,8.1820107421875,0.1874863803386688,0.2038648128509521,-0.1476721614599228,tracy,walking,05-2026-03-04,tracy_walking_05-2026-03-04_18-18-42
1772648330574519000,8.19951904296875,-1.3844380378723145,0.4904851913452148,-0.6102231740951538,8.20201904296875,0.0495347529649734,0.0030626326333731,-0.0422110669314861,tracy,walking,05-2026-03-04,tracy_walking_05-2026-03-04_18-18-42
1772648330594527700,8.21952783203125,-1.1923811435699463,0.7610692977905273,-0.8065232038497925,8.22202783203125,-0.0782968699932098,-0.1258342564105987,0.0563258081674575,tracy,walking,05-2026-03-04,tracy_walking_05-2026-03-04_18-18-42
1772648330614536400,8.239536376953126,-1.0965365171432495,0.7174444198608398,-0.7713196277618408,8.242036376953125,-0.1278316229581833,-0.1178447753190994,0.1159805655479431,tracy,walking,05-2026-03-04,tracy_walking_05-2026-03-04_18-18-42
1772648330634545000,8.259544921875,-1.145174503326416,0.7944564819335938,-0.4951306581497192,8.262044921875,-0.1480716317892074,-0.1050616130232811,0.1564605832099914,tracy,walking,05-2026-03-04,tracy_walking_05-2026-03-04_18-18-42
1772648330654553600,8.2795537109375,-1.00433087348938,0.4213876724243164,-0.2171151638031005,8.282053466796874,-0.2050632238388061,-0.143411099910736,0.2017342746257782,tracy,walking,05-2026-03-04,tracy_walking_05-2026-03-04_18-18-42
1772648330674562000,8.29956201171875,-0.8131527304649353,-0.315896987915039,-0.0831081867218017,8.302062255859376,-0.270576924085617,-0.2328932434320449,0.2540653645992279,tracy,walking,05-2026-03-04,tracy_walking_05-2026-03-04_18-18-42
1772648330694570800,8.31957080078125,-0.9454162120819092,-0.5952482223510742,0.0227985382080078,8.32207080078125,-0.262054830789566,-0.2946785092353821,0.3206443190574646,tracy,walking,05-2026-03-04,tracy_walking_05-2026-03-04_18-18-42
1772648330714579200,8.3395791015625,-0.9705830216407776,-0.4870977401733398,0.1384248733520507,8.342079345703125,-0.1938779652118683,-0.3101248443126678,0.3760380148887634,tracy,walking,05-2026-03-04,tracy_walking_05-2026-03-04_18-18-42
1772648330734588000,8.359587890625,-0.7391526699066162,-0.6242837905883789,0.128472089767456,8.362087890625,-0.1347558349370956,-0.2888195812702179,0.3802990913391113,tracy,walking,05-2026-03-04,tracy_walking_05-2026-03-04_18-18-42
1772648330754596600,8.3795966796875,-0.59745192527771,-0.3959636688232422,-0.0147349834442138,8.382096435546876,-0.1336905658245086,-0.2520679831504822,0.3579285442829132,tracy,walking,05-2026-03-04,tracy_walking_05-2026-03-04_18-18-42
1772648330774605000,8.39960498046875,-0.4716474413871765,-0.2400579452514648,-0.0634104013442993,8.402105224609375,-0.1304947882890701,-0.2360890358686447,0.3286337852478027,tracy,walking,05-2026-03-04,tracy_walking_05-2026-03-04_18-18-42
1772648330794613800,8.41961376953125,-0.351798415184021,-0.2217330932617187,-0.0274262428283691,8.422113525390625,-0.1059937179088592,-0.2238384932279586,0.2801643013954162,tracy,walking,05-2026-03-04,tracy_walking_05-2026-03-04_18-18-42
1772648330814622200,8.439622314453125,-0.1373147070407867,-0.1649188995361328,0.1785920858383178,8.442122314453124,-0.0607200190424919,-0.2877542972564697,0.2306295484304428,tracy,walking,05-2026-03-04,tracy_walking_05-2026-03-04_18-18-42
1772648330834631000,8.459630859375,0.1429335623979568,-0.2043886184692382,0.0730054378509521,8.462130859375,-0.0394147485494613,-0.3383543193340301,0.1715074330568313,tracy,walking,05-2026-03-04,tracy_walking_05-2026-03-04_18-18-42
1772648330854639400,8.479639404296876,0.1136642843484878,0.0557804107666015,-0.2499481439590454,8.482139404296875,-0.0671116039156913,-0.3127880096435547,0.1267663538455963,tracy,walking,05-2026-03-04,tracy_walking_05-2026-03-04_18-18-42
1772648330874648000,8.49964794921875,-0.1723022162914276,0.1663885116577148,-0.2208685874938964,8.50214794921875,-0.0676442310214042,-0.1966742724180221,0.1351553052663803,tracy,walking,05-2026-03-04,tracy_walking_05-2026-03-04_18-18-42
1772648330894656500,8.519656494140625,-0.2935325503349304,-0.1238069534301757,-0.1884284019470214,8.522156494140624,-0.0751010775566101,-0.1066595092415809,0.1782984882593155,tracy,walking,05-2026-03-04,tracy_walking_05-2026-03-04_18-18-42
1772648330914665200,8.539665283203124,-0.2753058671951294,-0.1626510620117187,-0.0964981317520141,8.542165283203126,-0.0964063480496406,-0.0592552833259105,0.2059953361749649,tracy,walking,05-2026-03-04,tracy_walking_05-2026-03-04_18-18-42
1772648330934674000,8.559673828125,-0.1457982361316681,-0.2292461395263672,-0.0121686458587646,8.562173828125,-0.0916126668453216,-0.0129163200035691,0.2139848172664642,tracy,walking,05-2026-03-04,tracy_walking_05-2026-03-04_18-18-42
1772648330954682400,8.579682373046875,0.0762861967086792,-0.1558723449707031,0.0980432033538818,8.582182373046875,-0.0671116039156913,-0.0123836882412433,0.1793637424707412,tracy,walking,05-2026-03-04,tracy_walking_05-2026-03-04_18-18-42
1772648330974691000,8.599691162109375,-0.0633881092071533,-0.2657442092895508,-0.0326465368270874,8.60219091796875,-0.0303600095212459,0.0014647373463958,0.160189002752304,tracy,walking,05-2026-03-04,tracy_walking_05-2026-03-04_18-18-42
1772648330994699500,8.619699462890624,0.1534821093082428,-0.2794837951660156,-0.143276572227478,8.62219970703125,0.0181094799190759,0.0030626326333731,0.1351553052663803,tracy,walking,05-2026-03-04,tracy_walking_05-2026-03-04_18-18-42
1772648331014708200,8.639708251953126,0.1328611373901367,-0.2445745468139648,-0.0984466075897216,8.6422080078125,-0.0015978952869772,0.0179763212800025,0.0909468755125999,tracy,walking,05-2026-03-04,tracy_walking_05-2026-03-04_18-18-42
1772648331034716700,8.659716552734375,0.0266063809394836,-0.1271047592163086,-0.0229660272598266,8.662216796875,-0.0218379013240337,-0.0049268435686826,0.0723047628998756,tracy,walking,05-2026-03-04,tracy_walking_05-2026-03-04_18-18-42
1772648331054725400,8.679725341796875,-0.0643894076347351,-0.0928878784179687,-0.2801440954208374,8.68222509765625,-0.0442084372043609,0.013715268112719,0.095207929611206,tracy,walking,05-2026-03-04,tracy_walking_05-2026-03-04_18-18-42
1772648331074734800,8.69973486328125,-0.2230465412139892,-0.0413951873779296,-0.3888139724731445,8.70223486328125,-0.0623179152607917,0.0547279119491577,0.1399489939212799,tracy,walking,05-2026-03-04,tracy_walking_05-2026-03-04_18-18-42
1772648331094744300,8.719744384765624,-0.2076501846313476,0.0644454956054687,-0.4962420463562011,8.722244384765625,-0.0564589649438858,0.0739026591181755,0.1724395304918289,tracy,walking,05-2026-03-04,tracy_walking_05-2026-03-04_18-18-42
