time,seconds_elapsed,z,y,x
1772649731671700500,0.062700439453125,-0.07741621881723404,0.02772209793329239,-0.036866024136543274
1772649731681741600,0.072741455078125,-0.08127966523170471,0.04186401516199112,-0.02034563571214676
1772649731691782400,0.082782470703125,-0.08504006266593933,0.06194068863987923,-0.012829814106225967
1772649731701823500,0.092823486328125,-0.09254751354455948,0.08056497573852539,-0.010640695691108704
1772649731711865300,0.102865234375,-0.10168375074863434,0.0961412712931633,-0.00699109910055995
1772649731721906400,0.112906494140625,-0.10670061409473419,0.11353065073490143,-0.002775847911834717
1772649731731947500,0.122947509765625,-0.11427971720695496,0.13640782237052917,-0.004946139641106129
1772649731741988400,0.13298828125,-0.12116851657629013,0.15098543465137482,-0.018966350704431534
1772649731752029700,0.14302978515625,-0.12874816358089447,0.17046156525611877,-0.03044792264699936
1772649731762070500,0.153070556640625,-0.1317109316587448,0.20464244484901428,-0.02684945799410343
1772649731772112600,0.163112548828125,-0.12293980270624161,0.27255988121032715,-0.019400371238589287
1772649731782153700,0.17315380859375,-0.09671805053949356,0.36317741870880127,-0.007040109019726515
1772649731792194600,0.183194580078125,-0.06887407600879669,0.44295811653137207,0.0062163579277694225
1772649731802235600,0.193235595703125,-0.05192785710096359,0.487717866897583,0.001571006141602993
1772649731812276500,0.2032763671875,-0.034343015402555466,0.49551764130592346,-0.01426003873348236
1772649731822317600,0.213317626953125,-0.0331035815179348,0.48242953419685364,-0.04427306726574898
1772649731832358700,0.223358642578125,-0.04983692616224289,0.44867488741874695,-0.09903000295162201
1772649731842400500,0.233400390625,-0.08065875619649887,0.39623138308525085,-0.16769056022167206
1772649731852441600,0.243441650390625,-0.10627439618110657,0.35816261172294617,-0.22631199657917023
1772649731862482400,0.253482421875,-0.09934591501951218,0.3501558303833008,-0.24353784322738647
1772649731872523500,0.2635234375,-0.10356087982654572,0.36111733317375183,-0.2324996441602707
1772649731882564600,0.273564697265625,-0.12438546866178513,0.3644782304763794,-0.23995622992515564
1772649731892605400,0.28360546875,-0.15143272280693054,0.3394774794578552,-0.28244125843048096
1772649731902647600,0.2936474609375,-0.15810979902744293,0.31428825855255127,-0.30805981159210205
1772649731912688400,0.3036884765625,-0.11178921908140182,0.3059232234954834,-0.26929208636283875
1772649731922729500,0.3137294921875,-0.040434353053569794,0.2805030941963196,-0.20923009514808655
1772649731932770600,0.3237705078125,0.017984796315431595,0.22110973298549652,-0.16649630665779114
1772649731942811400,0.333811279296875,0.09835153818130493,0.1751004308462143,-0.1580279916524887
1772649731952852500,0.3438525390625,0.21431438624858856,0.15728281438350677,-0.10601942241191864
1772649731962894300,0.353894287109375,0.3327161371707916,0.1340978741645813,0.00042632909025996923
1772649731972935400,0.363935302734375,0.4188234806060791,0.06396792829036713,0.08538035303354263
1772649731982976500,0.3739765625,0.4901309609413147,-0.0254940427839756,0.16243918240070343
1772649731993017300,0.384017333984375,0.5186333060264587,-0.14645011723041534,0.22076483070850372
1772649732003058400,0.394058349609375,0.5316362380981445,-0.2684178352355957,0.2695254683494568
1772649732013099500,0.404099609375,0.5411603450775146,-0.3781423568725586,0.29496362805366516
1772649732023140400,0.414140380859375,0.5435417294502258,-0.4929214119911194,0.25615739822387695
1772649732033182700,0.4241826171875,0.5463915467262268,-0.5741238594055176,0.2236839383840561
1772649732043223600,0.4342236328125,0.5432982444763184,-0.624738335609436,0.23078738152980804
1772649732053264600,0.4442646484375,0.5181563496589661,-0.7021700739860535,0.21125483512878418
1772649732063305700,0.4543056640625,0.48507803678512573,-0.8217263221740723,0.1341552585363388
1772649732073346600,0.4643466796875,0.4480247497558594,-0.9393060207366943,0.038279227912425995
1772649732083387600,0.4743876953125,0.3957040309906006,-1.0073556900024414,-0.07563189417123795
1772649732093429500,0.484429443359375,0.2975413203239441,-0.9928544759750366,-0.21687175333499908
1772649732103470600,0.494470703125,0.1839417964220047,-0.915411651134491,-0.33621734380722046
1772649732113511700,0.50451171875,0.08502552658319473,-0.7712669372558594,-0.4047893285751343
1772649732123552500,0.514552490234375,0.004104047082364559,-0.5904055237770081,-0.4542929530143738
1772649732133593600,0.524593505859375,-0.0820712000131607,-0.3986070454120636,-0.4761148989200592
1772649732143634400,0.534634521484375,-0.10743913799524307,-0.21318845450878143,-0.45591163635253906
1772649732153676500,0.544676513671875,-0.14393553137779236,-0.07737847417593002,-0.4491060972213745
1772649732163717600,0.554717529296875,-0.15630166232585907,0.023832831531763077,-0.4113568663597107
1772649732173758500,0.564758544921875,-0.15543554723262787,0.14240175485610962,-0.35530808568000793
1772649732183799600,0.574799560546875,-0.1378597617149353,0.2651931643486023,-0.30790701508522034
1772649732193840400,0.58484033203125,-0.1172274723649025,0.342358261346817,-0.28237926959991455
1772649732203881500,0.594881591796875,-0.09408779442310333,0.38114187121391296,-0.23219864070415497
1772649732213922600,0.604922607421875,-0.06730716675519943,0.3991263508796692,-0.14190417528152466
1772649732223964400,0.61496435546875,-0.05721032992005348,0.39620673656463623,-0.08927825838327408
1772649732234005500,0.625005615234375,-0.06545041501522064,0.3691921532154083,-0.04264684021472931
1772649732244046300,0.63504638671875,-0.11262618005275726,0.30141711235046387,0.02558095194399357
1772649732254087400,0.64508740234375,-0.15993732213974,0.18683765828609467,0.10807497799396515
1772649732264128500,0.65512841796875,-0.17105282843112946,0.051580507308244705,0.19159170985221863
1772649732274169300,0.66516943359375,-0.12753988802433014,-0.07280152291059494,0.2409578561782837
1772649732284211700,0.675211669921875,-0.05556024610996246,-0.21150213479995728,0.25496289134025574
1772649732294252500,0.68525244140625,0.03128804266452789,-0.3319895267486572,0.2519652843475342
1772649732304293600,0.695293701171875,0.1209646686911583,-0.38269954919815063,0.22671183943748474
1772649732314334700,0.705334716796875,0.1628548502922058,-0.3839680254459381,0.16272300481796265
1772649732324375600,0.71537548828125,0.10083383321762085,-0.304219126701355,0.08050936460494995
1772649732334416600,0.725416748046875,-0.0129770552739501,-0.22545939683914185,0.0061705089174211025
1772649732344458000,0.7354580078125,-0.13172954320907593,-0.16469138860702515,-0.07158447802066803
1772649732354499800,0.745499755859375,-0.26950931549072266,-0.18408499658107758,-0.17652752995491028
1772649732364541000,0.755541015625,-0.41604894399642944,-0.22810837626457214,-0.31944286823272705
1772649732374581800,0.765581787109375,-0.5549200177192688,-0.23961731791496277,-0.4341508746147156
1772649732384622800,0.775622802734375,-0.6453311443328857,-0.2794976234436035,-0.4871344566345215
1772649732394664000,0.785663818359375,-0.6750451326370239,-0.3913954794406891,-0.48761388659477234
1772649732404704800,0.795704833984375,-0.6316475868225098,-0.4884738326072693,-0.3788847327232361
1772649732414747000,0.805746826171875,-0.5097149610519409,-0.5402831435203552,-0.17295126616954803
1772649732424787700,0.81578759765625,-0.3387961983680725,-0.5780091881752014,0.033432524651288986
1772649732434828800,0.825828857421875,-0.18755649030208588,-0.560515284538269,0.17409032583236694
1772649732444869600,0.83586962890625,-0.05544958636164665,-0.5029574632644653,0.21716855466365814
1772649732454910700,0.84591064453125,0.05766495689749718,-0.47324031591415405,0.19784307479858398
1772649732464951800,0.855951904296875,0.12310361862182617,-0.4537648856639862,0.15500827133655548
1772649732474993700,0.86599365234375,0.1357407420873642,-0.4349096417427063,0.0996469184756279
1772649732485034800,0.87603466796875,0.10238226503133774,-0.43695494532585144,0.03207320347428322
1772649732495075600,0.88607568359375,0.056628476828336716,-0.4337262809276581,-0.044934213161468506
1772649732505116700,0.89611669921875,0.015392089262604713,-0.4209548234939575,-0.12316110730171204
1772649732515157800,0.90615771484375,-0.032015301287174225,-0.3802189230918884,-0.1838139444589615
1772649732525198600,0.916198486328125,-0.06046292185783386,-0.3225500285625458,-0.25573524832725525
1772649732535239700,0.92623974609375,-0.12277758121490479,-0.22926336526870728,-0.3187239170074463
1772649732545281500,0.936281494140625,-0.18161426484584808,-0.11754456162452698,-0.36947524547576904
1772649732555322600,0.946322509765625,-0.2171763777732849,0.031545545905828476,-0.40442773699760437
1772649732565363700,0.95636376953125,-0.285121887922287,0.19746367633342743,-0.41781702637672424
1772649732575404500,0.966404541015625,-0.3418258726596832,0.29652535915374756,-0.47236868739128113
1772649732585445600,0.976445556640625,-0.3813945949077606,0.34762611985206604,-0.5583784580230713
1772649732595486700,0.98648681640625,-0.3991974890232086,0.3686458468437195,-0.6891906261444092
1772649732605528800,0.99652880859375,-0.3697163164615631,0.34857094287872314,-0.8427833318710327
1772649732615570000,1.00656982421875,-0.2248818427324295,0.2728966772556305,-0.9622669219970703
1772649732625610800,1.01661083984375,0.09679019451141357,0.3040625751018524,-0.8182743191719055
1772649732635651800,1.02665185546875,0.6214982271194458,0.43392500281333923,-0.36640170216560364
1772649732645693000,1.03669287109375,0.9080392122268677,0.4689274728298187,0.20578832924365997
1772649732655733800,1.046733642578125,0.5305407643318176,0.1497657746076584,0.8017020225524902
1772649732665774800,1.05677490234375,0.07759193331003189,0.7582541108131409,0.9741424918174744
1772649732675816700,1.066816650390625,0.33986860513687134,0.9251684546470642,0.8659263253211975
1772649732685857800,1.07685791015625,0.607693612575531,0.42442601919174194,1.0131080150604248
1772649732695899000,1.08689892578125,0.5160623788833618,0.252163290977478,1.1830329895019531
1772649732705939700,1.096939697265625,0.4926510453224182,0.29750680923461914,1.1849448680877686
1772649732715980800,1.106980712890625,0.46027740836143494,0.2641943097114563,1.0777003765106201
1772649732726022000,1.11702197265625,0.31393298506736755,0.1157049760222435,0.8506200313568115
1772649732736063700,1.127063720703125,0.08348367363214493,-0.01234801858663559,0.46242138743400574
1772649732746104800,1.137104736328125,-0.06183197721838951,-0.10428886115550995,0.10078222304582596
1772649732756145700,1.147145751953125,-0.03625139221549034,-0.1446688324213028,-0.16077102720737457
1772649732766186800,1.157186767578125,0.13031068444252014,-0.16360044479370117,-0.299734503030777
1772649732776227800,1.167227783203125,0.283930242061615,-0.15550971031188965,-0.3200715184211731
1772649732786268700,1.1772685546875,0.3761461675167084,-0.12119540572166443,-0.23899157345294952
1772649732796309800,1.187309814453125,0.3655295670032501,-0.2244873195886612,-0.12315826117992401
1772649732806351600,1.1973515625,0.31752821803092957,-0.34082165360450745,-0.044811248779296875
1772649732816392700,1.207392822265625,0.3076131343841553,-0.30920520424842834,0.0377008393406868
1772649732826433500,1.21743359375,0.2882783114910126,-0.17250406742095947,0.21696406602859497
1772649732836474600,1.227474609375,0.2558588981628418,0.0075029972940683365,0.40231871604919434
1772649732846515700,1.237515625,0.19567863643169403,0.13974225521087646,0.49770301580429077
1772649732856556500,1.247556640625,0.1264217644929886,0.21928954124450684,0.5259560346603394
1772649732866599000,1.257598876953125,0.06575256586074829,0.30956029891967773,0.4961991608142853
1772649732876639700,1.2676396484375,0.061354175209999084,0.37444087862968445,0.43779200315475464
1772649732886680800,1.277680908203125,0.1089501902461052,0.4518536329269409,0.3947361409664154
1772649732896722000,1.287721923828125,0.19173355400562286,0.5819950699806213,0.35527390241622925
1772649732906762800,1.2977626953125,0.29718703031539917,0.7245336174964905,0.3104132115840912
1772649732916803800,1.307803955078125,0.39492395520210266,0.8182386755943298,0.2766426205635071
1772649732926845000,1.317844970703125,0.4583420753479004,0.8349920511245728,0.2126055657863617
1772649732936886800,1.32788671875,0.46806710958480835,0.800887942314148,0.10453318804502487
1772649732946927900,1.337927978515625,0.4281705617904663,0.7953395247459412,-0.054193075746297836
1772649732956968700,1.34796875,0.3579309284687042,0.9023056626319885,-0.2811400294303894
1772649732967009800,1.358009765625,0.2091536968946457,1.1097400188446045,-0.5463594198226929
1772649732977051000,1.36805078125,0.015776243060827255,1.2714195251464844,-0.7821608185768127
1772649732987091700,1.378091796875,-0.19603639841079712,1.4080069065093994,-0.8807552456855774
1772649732997133800,1.3881337890625,-0.3698976933956146,1.4271436929702759,-0.8248897194862366
1772649733007174700,1.398174560546875,-0.46552330255508423,1.2645319700241089,-0.7104870080947876
1772649733017215700,1.4082158203125,-0.5119732618331909,1.0012831687927246,-0.6025343537330627
1772649733027256800,1.4182568359375,-0.4368809461593628,0.7192064523696899,-0.4784259796142578
1772649733037297700,1.428297607421875,-0.28972291946411133,0.5330672860145569,-0.3237912058830261
1772649733047338800,1.4383388671875,-0.13931237161159515,0.38786375522613525,-0.1926870048046112
1772649733057379800,1.4483798828125,-0.01849653571844101,0.21572169661521912,-0.12605799734592438
1772649733067421700,1.458421630859375,0.05015629529953003,0.036912545561790466,-0.10987158119678497
1772649733077462800,1.468462890625,0.043752122670412064,-0.13003075122833252,-0.11911948770284653
1772649733087503600,1.478503662109375,-0.011608337052166462,-0.26502853631973267,-0.15010030567646027
1772649733097544700,1.488544677734375,-0.09849628806114197,-0.3561166822910309,-0.21872743964195251
1772649733107585800,1.498585693359375,-0.19073966145515442,-0.4116705060005188,-0.3127378523349762
1772649733117626600,1.508626708984375,-0.279299259185791,-0.4492488503456116,-0.41826462745666504
1772649733127668700,1.518668701171875,-0.3563719391822815,-0.45977234840393066,-0.5243309140205383
1772649733137709800,1.528709716796875,-0.43048524856567383,-0.46944212913513184,-0.600801944732666
1772649733147751000,1.5387509765625,-0.5148637890815735,-0.4775181710720062,-0.6230209469795227
1772649733157791700,1.548791748046875,-0.5843974351882935,-0.451387882232666,-0.5879719257354736
1772649733167832800,1.558832763671875,-0.6103880405426025,-0.3690384030342102,-0.5152183771133423
1772649733177874000,1.5688740234375,-0.6397916078567505,-0.24708352982997894,-0.4697197377681732
1772649733187914800,1.578914794921875,-0.6191383004188538,-0.17772629857063293,-0.46579742431640625
1772649733197956900,1.588956787109375,-0.607232928276062,-0.2050677388906479,-0.3843041658401489
1772649733207997700,1.598997802734375,-0.6520094275474548,-0.2502983510494232,-0.3169000744819641
1772649733218038800,1.609038818359375,-0.6219409704208374,-0.3499167859554291,-0.280604749917984
1772649733228079900,1.619079833984375,-0.5101007223129272,-0.36978504061698914,-0.30498841404914856
1772649733238120700,1.62912060546875,-0.37704649567604065,-0.3688465356826782,-0.38418471813201904
1772649733248161800,1.639161865234375,-0.1222352534532547,-0.4654114246368408,-0.2872579097747803
1772649733258203600,1.64920361328125,0.07431291043758392,-0.38222306966781616,0.09122823178768158
1772649733268244700,1.65924462890625,-0.06396160274744034,0.08104285597801208,0.5760716199874878
1772649733278285800,1.669285888671875,0.015358226373791695,0.6975128054618835,0.8948203921318054
1772649733288326700,1.67932666015625,0.45914632081985474,1.1335382461547852,0.9751618504524231
1772649733298367700,1.68936767578125,0.7247698307037354,0.998135507106781,0.791987419128418
1772649733308408800,1.699408935546875,0.7255046367645264,0.6688748002052307,0.5740891695022583
1772649733318450400,1.709450439453125,0.6864678859710693,0.5028892755508423,0.38517922163009644
1772649733328491500,1.719491455078125,0.6009537577629089,0.39916178584098816,0.21280719339847565
1772649733338532400,1.729532470703125,0.35650327801704407,0.2323903739452362,0.07545097172260284
1772649733348573400,1.739573486328125,0.012219931930303574,0.05588031932711601,-0.01748456060886383
1772649733358614500,1.749614501953125,-0.32442736625671387,-0.09488922357559204,-0.11782658100128174
1772649733368655400,1.7596552734375,-0.5210205912590027,-0.0631086602807045,-0.1732885092496872
1772649733378696400,1.769696533203125,-0.41783642768859863,0.06336812674999237,-0.06902831047773361
1772649733388738300,1.77973828125,-0.2844131290912628,0.09579770267009735,0.05610058456659317
1772649733398779400,1.789779296875,-0.09028512984514236,0.06489254534244537,0.03474299982190132
1772649733408820500,1.799820556640625,0.1030595600605011,0.06318732351064682,0.04274579882621765
1772649733418861300,1.809861328125,0.2845348119735718,0.0465947762131691,0.10193892568349838
1772649733428902400,1.81990234375,0.35727959871292114,0.053614601492881775,0.2326282262802124
1772649733438943500,1.829943603515625,0.34275293350219727,0.11052992194890976,0.34477415680885315
1772649733448985600,1.839985595703125,0.2374589741230011,0.1491936892271042,0.42713242769241333
1772649733459026700,1.850026611328125,0.10654988884925842,0.12794405221939087,0.4394323229789734
1772649733469067500,1.860067626953125,-0.0015744499396532774,0.05837668105959892,0.36108213663101196
1772649733479108600,1.870108642578125,-0.03489875793457031,-0.03527352213859558,0.17352108657360077
1772649733489149700,1.880149658203125,-0.04283924028277397,-0.0895032063126564,-0.0368926040828228
1772649733499190500,1.8901904296875,-0.05622391402721405,-0.12821169197559357,-0.2417851686477661
1772649733509231600,1.900231689453125,-0.05655255168676376,-0.12014976888895035,-0.4114306569099426
1772649733519273500,1.9102734375,-0.024816589429974556,-0.08454281091690063,-0.5227519869804382
1772649733529314600,1.920314453125,0.01939348317682743,0.008025475777685642,-0.6149559020996094
1772649733539355400,1.93035546875,0.051865991204977036,0.1370798796415329,-0.7212563157081604
1772649733549396500,1.940396484375,0.03806336224079132,0.24425585567951202,-0.8780547380447388
1772649733559437600,1.9504375,-0.022431934252381325,0.2941689193248749,-1.0698918104171753
1772649733569478400,1.960478515625,-0.20500893890857697,0.3833901584148407,-1.2074943780899048
1772649733579520500,1.9705205078125,-0.5413708090782166,0.42341822385787964,-1.2323391437530518
1772649733589561300,1.980561279296875,-0.8341925740242004,0.3617846965789795,-1.1041803359985352
1772649733599602400,1.9906025390625,-0.9687256813049316,0.2076912224292755,-0.8053417205810547
1772649733609643500,2.0006435546875,-0.8782253265380859,-0.01864445023238659,-0.3927413821220398
1772649733619684400,2.010684326171875,-0.5792240500450134,-0.17120584845542908,-0.019862130284309387
1772649733629725400,2.020725341796875,-0.33370399475097656,-0.214791402220726,0.16863374412059784
1772649733639767300,2.030767333984375,-0.17493480443954468,-0.16342416405677795,0.21078109741210938
1772649733649808400,2.040808349609375,-0.025655578821897507,-0.07828956097364426,0.1934140920639038
1772649733659849500,2.050849365234375,0.10449551045894623,-0.05633029714226723,0.16304481029510498
1772649733669890300,2.060890380859375,0.15263187885284424,-0.11343885213136673,0.15924447774887085
1772649733679931400,2.070931396484375,0.13694295287132263,-0.1246863529086113,0.2013971358537674
1772649733689972500,2.080972412109375,0.1144014224410057,-0.08078893274068832,0.265744686126709
1772649733700013300,2.091013427734375,0.03147158399224281,-0.028739163652062416,0.30684012174606323
1772649733710055700,2.1010556640625,-0.036145277321338654,0.00849023088812828,0.3486086130142212
1772649733720096500,2.111096435546875,-0.10943908989429474,0.060218896716833115,0.36382612586021423
1772649733730137600,2.1211376953125,-0.20884424448013306,0.12793271243572235,0.32341426610946655
1772649733740178700,2.1311787109375,-0.24712416529655457,0.1387345790863037,0.2389637529850006
1772649733750219500,2.141219482421875,-0.2962408661842346,0.15666590631008148,0.11917929351329803
1772649733760260600,2.151260498046875,-0.44850873947143555,0.12312596291303635,-0.06596630066633224
1772649733770302500,2.161302490234375,-0.5364758968353271,0.09073659777641296,-0.1366545855998993
1772649733780343600,2.171343505859375,-0.6025488376617432,0.0637769103050232,-0.169280543923378
1772649733790384600,2.181384521484375,-0.6871092319488525,-0.024297291412949562,-0.30587300658226013
1772649733800425500,2.191425537109375,-0.6266972422599792,-0.1554788202047348,-0.46671023964881897
1772649733810466600,2.201466552734375,-0.41959142684936523,-0.19213350117206573,-0.5248947143554688
1772649733820507600,2.211507568359375,-0.1429050862789154,-0.12880781292915344,-0.16933752596378326
1772649733830549500,2.221549560546875,0.025059405714273453,0.0199638232588768,0.28472983837127686
1772649733840590600,2.231590576171875,-0.05371519550681114,-0.11923052370548248,0.5377448797225952
1772649733850631400,2.24163134765625,-0.35184913873672485,-0.20751725137233734,0.5767396688461304
1772649733860672500,2.251672607421875,-0.30072134733200073,0.10393904149532318,0.7419651746749878
1772649733870713600,2.261713623046875,0.2055191844701767,0.5513450503349304,0.8997592926025391
1772649733880754400,2.27175439453125,0.4180118441581726,0.1716836839914322,0.6608115434646606
1772649733890796500,2.281796630859375,0.4355010986328125,-0.44850048422813416,0.39947420358657837
1772649733900837400,2.29183740234375,0.5834743976593018,-0.6172588467597961,0.1838180422782898
1772649733910878500,2.30187841796875,0.6640877723693848,-0.5739787817001343,-0.010533060878515244
1772649733920919300,2.311919189453125,0.6184661984443665,-0.6735353469848633,-0.21302694082260132
1772649733930960400,2.32196044921875,0.41389837861061096,-0.8597733974456787,-0.2945724129676819
1772649733941001500,2.33200146484375,0.13331235945224762,-0.8491030335426331,-0.2198541760444641
1772649733951043600,2.342043701171875,-0.028006229549646378,-0.489935040473938,-0.08396637439727783
1772649733961084700,2.352084716796875,0.013096657581627369,-0.055357154458761215,0.13934248685836792
1772649733971125500,2.36212548828125,0.12340931594371796,0.15478463470935822,0.3570340573787689
1772649733981166600,2.37216650390625,0.19696901738643646,0.25036120414733887,0.45737066864967346
1772649733991207700,2.382207763671875,0.21046458184719086,0.3488512933254242,0.40612637996673584
1772649734001248500,2.39224853515625,0.1503008008003235,0.45486488938331604,0.22365348041057587
1772649734011290600,2.40229052734375,0.06578619033098221,0.5585867166519165,0.0681038349866867
1772649734021331500,2.41233154296875,0.019474150612950325,0.6861131191253662,0.011660883203148842
1772649734031372500,2.42237255859375,0.021502679213881493,0.7969432473182678,0.02704623155295849
1772649734041413600,2.43241357421875,0.062198854982852936,0.7809351086616516,0.0707785114645958
1772649734051454500,2.442454345703125,0.1410055309534073,0.610840916633606,0.1083996593952179
1772649734061495600,2.45249560546875,0.19461767375469208,0.35938748717308044,0.14556415379047394
1772649734071537400,2.462537353515625,0.23676806688308716,0.13106857240200043,0.16225232183933258
1772649734081578500,2.47257861328125,0.26672035455703735,0.005328394938260317,0.1391698569059372
1772649734091619600,2.48261962890625,0.2365344911813736,-0.0420772060751915,0.07874353975057602
1772649734101660400,2.492660400390625,0.21986758708953857,-0.033289793878793716,-0.008779918774962425
1772649734111701500,2.502701416015625,0.20638906955718994,0.02915760688483715,-0.11402245610952377
1772649734121742600,2.51274267578125,0.18768005073070526,0.10430119186639786,-0.24953186511993408
1772649734131784400,2.522784423828125,0.07058645039796829,0.16530728340148926,-0.4290076196193695
1772649734141825500,2.532825439453125,-0.20040100812911987,0.17299070954322815,-0.6407842040061951
1772649734151866400,2.542866455078125,-0.5031954646110535,0.21893823146820068,-0.7999957203865051
1772649734161907500,2.552907470703125,-0.7475096583366394,0.32141709327697754,-0.8286285400390625
1772649734171948500,2.562948486328125,-0.9588791131973267,0.4172419011592865,-0.6983941197395325
1772649734181989400,2.5729892578125,-1.052180528640747,0.28940385580062866,-0.4907475709915161
1772649734192031500,2.583031494140625,-0.9489439129829407,-0.0516972616314888,-0.2763671278953552
1772649734202072300,2.593072265625,-0.6785715222358704,-0.12090972065925598,0.001481099403463304
1772649734212113400,2.603113525390625,-0.30225998163223267,-0.014264500699937344,0.30291762948036194
1772649734222154500,2.613154541015625,-0.05366599187254906,0.07965443283319473,0.4561522901058197
1772649734232195300,2.6231953125,0.11995959281921387,0.09812957793474197,0.4477039575576782
1772649734242236700,2.633236572265625,0.30968180298805237,0.06543054431676865,0.42216500639915466
1772649734252278500,2.643278564453125,0.47137510776519775,-0.004131756257265806,0.40109434723854065
1772649734262319600,2.653319580078125,0.5280947685241699,-0.06426037102937698,0.3659239709377289
1772649734272360400,2.6633603515625,0.4961051344871521,-0.06646972894668579,0.29817500710487366
1772649734282401500,2.673401611328125,0.41933199763298035,-0.046022702008485794,0.21347594261169434
1772649734292442600,2.683442626953125,0.2964572012424469,-0.023113392293453217,0.138748437166214
1772649734302483500,2.6934833984375,0.14829875528812408,0.010183277539908886,0.06297957897186279
1772649734312525600,2.703525634765625,0.022217780351638794,0.026620840653777122,-0.023457039147615433
1772649734322567000,2.71356689453125,-0.10658708214759827,0.032676760107278824,-0.13687002658843994
1772649734332608000,2.72360791015625,-0.13477158546447754,0.01351664774119854,-0.22064295411109924
1772649734342649000,2.733649169921875,-0.18836286664009094,0.06014445051550865,-0.2093537151813507
1772649734352690000,2.74368994140625,-0.2790123522281647,0.15607017278671265,-0.18523132801055908
1772649734362731000,2.75373095703125,-0.459683895111084,0.1084107831120491,-0.20132796466350555
1772649734372772900,2.76377294921875,-0.7260277271270752,-0.1058056429028511,-0.32759562134742737
1772649734382814000,2.77381396484375,-0.953667938709259,-0.42119207978248596,-0.5778907537460327
1772649734392855000,2.78385498046875,-0.9815043807029724,-0.6919900178909302,-0.8955067992210388
1772649734402896000,2.793895751953125,-0.9439796805381775,-0.39620497822761536,-1.137358546257019
1772649734412937000,2.80393701171875,-0.9912734031677246,-0.057590700685977936,-1.0447371006011963
1772649734422978800,2.813978759765625,-1.1311599016189575,0.559682309627533,-0.7460249662399292
1772649734433020000,2.82402001953125,-0.830138623714447,1.424189567565918,0.00574890710413456
1772649734443061000,2.83406103515625,-0.10705196112394333,1.8183233737945557,1.0523312091827393
1772649734453101800,2.844101806640625,0.714327871799469,1.5431615114212036,1.7712129354476929
1772649734463143000,2.854142822265625,1.1249910593032837,1.2786660194396973,1.7737114429473877
1772649734473183700,2.864183837890625,1.137500286102295,0.8368478417396545,1.1462267637252808
1772649734483225900,2.874225830078125,1.1154251098632812,0.4731837511062622,0.379821240901947
1772649734493267000,2.884266845703125,0.9258499145507812,-0.09682831913232803,-0.30930498242378235
1772649734503307800,2.894307861328125,0.40637481212615967,-0.7356401681900024,-0.6010254621505737
1772649734513348900,2.904348876953125,0.13097146153450012,-1.09972083568573,-0.5950837135314941
1772649734523389700,2.9143896484375,0.005377107299864292,-1.0042327642440796,-0.453540176153183
1772649734533430800,2.9244306640625,-0.1331503987312317,-0.7680402398109436,-0.18205727636814117
1772649734543472600,2.93447265625,-0.2756124436855316,-0.5531323552131653,-0.001195693388581276
1772649734553513700,2.944513671875,-0.33617937564849854,-0.3904532194137573,0.027445539832115173
1772649734563554800,2.954554931640625,-0.2497672438621521,-0.22218412160873413,0.039120759814977646
1772649734573595600,2.964595703125,-0.024957023561000824,-0.11694052070379257,0.1621052771806717
1772649734583636700,2.97463671875,0.16278128325939178,-0.07098100334405899,0.25312933325767517
1772649734593677800,2.984677734375,0.26765739917755127,0.047476667910814285,0.24005693197250366
1772649734603720000,2.994719970703125,0.39103758335113525,0.17652758955955505,0.21318116784095764
1772649734613761000,3.004760986328125,0.5477270483970642,0.24449145793914795,0.2620379328727722
1772649734623801900,3.0148017578125,0.7075350284576416,0.20374062657356262,0.39952006936073303
1772649734633843000,3.024843017578125,0.8201776742935181,0.05955042317509651,0.5563117861747742
1772649734643884000,3.034884033203125,0.8633586168289185,-0.08387164771556854,0.6584612131118774
1772649734653926000,3.04492578125,0.8325751423835754,-0.19405461847782135,0.6822240948677063
1772649734663967000,3.054967041015625,0.7630006670951843,-0.2485949546098709,0.6160101890563965
1772649734674007800,3.0650078125,0.688382625579834,-0.2740100622177124,0.4452586770057678
1772649734684049000,3.075048828125,0.6312813758850098,-0.227674201130867,0.24013948440551758
1772649734694090000,3.085090087890625,0.5224473476409912,-0.16545556485652924,-0.02352837100625038
1772649734704130800,3.095130859375,0.288583368062973,-0.2082536518573761,-0.3593023121356964
1772649734714173000,3.1051728515625,-0.05519050732254982,-0.3234116733074188,-0.7502309083938599
1772649734724213800,3.1152138671875,-0.4143840968608856,-0.4712948501110077,-1.1078470945358276
1772649734734254800,3.1252548828125,-0.6728531718254089,-0.47113001346588135,-1.3119696378707886
1772649734744296000,3.1352958984375,-0.8610236048698425,-0.33991801738739014,-1.337470531463623
1772649734754336800,3.145336669921875,-1.0112037658691406,-0.15385065972805023,-1.1744576692581177
1772649734764377900,3.1553779296875,-1.0401043891906738,-0.033566758036613464,-0.8314711451530457
1772649734774419700,3.165419677734375,-0.8887412548065186,-0.012507808394730091,-0.349598228931427
1772649734784460800,3.175460693359375,-0.6193951964378357,-0.09486499428749084,0.16594092547893524
1772649734794502000,3.185501953125,-0.31935039162635803,-0.13662974536418915,0.6000452637672424
1772649734804542700,3.195542724609375,-0.09978768229484558,-0.06343063712120056,0.7877214550971985
1772649734814583800,3.205583740234375,0.03250297158956528,0.17182449996471405,0.5613048076629639
1772649734824626000,3.2156259765625,0.1533942073583603,0.06825590878725052,0.14693303406238556
1772649734834667000,3.2256669921875,0.2804110050201416,-0.12792479991912842,-0.07231036573648453
1772649734844707800,3.235707763671875,0.36655575037002563,-0.2315995991230011,-0.10851477831602097
1772649734854749000,3.2457490234375,0.3632505238056183,-0.29041871428489685,-0.11880097538232803
1772649734864790000,3.2557900390625,0.2662820518016815,-0.36699092388153076,-0.1619115173816681
1772649734874830800,3.265830810546875,0.09924113750457764,-0.44961175322532654,-0.2492339164018631
1772649734884873000,3.275873046875,-0.11137975007295609,-0.477299302816391,-0.3506452441215515
1772649734894913800,3.285913818359375,-0.31788498163223267,-0.5092090964317322,-0.4163765609264374
1772649734904955000,3.295954833984375,-0.41207757592201233,-0.5811583995819092,-0.44219350814819336
1772649734914996000,3.305995849609375,-0.4384726881980896,-0.6154215931892395,-0.4445408284664154
1772649734925036800,3.316036865234375,-0.46597379446029663,-0.6122997403144836,-0.45555752515792847
1772649734935079000,3.326078857421875,-0.4471324384212494,-0.6412209272384644,-0.52425616979599
1772649734945119700,3.33611962890625,-0.387757271528244,-0.6330430507659912,-0.598998486995697
1772649734955160800,3.346160888671875,-0.3049798309803009,-0.6375986337661743,-0.7708725333213806
1772649734965202000,3.356201904296875,-0.21520309150218964,-0.6609941124916077,-1.1078423261642456
1772649734975242800,3.36624267578125,-0.053221121430397034,-0.6530219912528992,-1.3123648166656494
1772649734985283800,3.376283935546875,0.15794040262699127,-0.5177658200263977,-0.8843472599983215
1772649734995325700,3.38632568359375,0.15060631930828094,-0.06685007363557816,-0.17616213858127594
1772649735005366800,3.39636669921875,0.12670253217220306,0.18222026526927948,0.3070773482322693
1772649735015407900,3.406407958984375,0.26632168889045715,0.0743742287158966,0.435543954372406
1772649735025448700,3.41644873046875,0.3536476790904999,-0.2723155915737152,0.5718472003936768
1772649735035489800,3.42648974609375,0.41666820645332336,-0.1999383419752121,0.7592716813087463
1772649735045531000,3.43653076171875,0.4955669939517975,0.19440923631191254,0.8054746389389038
1772649735055573000,3.446572998046875,0.4222813546657562,0.4976833760738373,0.5374884605407715
1772649735065614000,3.456614013671875,0.21921688318252563,0.5201278328895569,0.18684548139572144
1772649735075655000,3.466655029296875,0.04346449300646782,0.5604432821273804,0.08313266932964325
1772649735085696000,3.476696044921875,-0.11487981677055359,0.6624160408973694,0.18188101053237915
1772649735095737000,3.486737060546875,-0.26136672496795654,0.7424275279045105,0.3635445535182953
1772649735105779000,3.496779052734375,-0.31914547085762024,0.7880831360816956,0.45550596714019775
1772649735115820000,3.506820068359375,-0.2691848576068878,0.757502019405365,0.38334763050079346
1772649735125860900,3.51686083984375,-0.18586841225624084,0.6690682768821716,0.2678016126155853
1772649735135902000,3.52690185546875,-0.07109841704368591,0.5690817832946777,0.21238309144973755
1772649735145943000,3.536943115234375,0.003941090777516365,0.4575871527194977,0.2049664855003357
1772649735155984000,3.54698388671875,0.04321286082267761,0.31862926483154297,0.2698562443256378
1772649735166026000,3.55702587890625,0.09999145567417145,0.22206909954547882,0.4489995837211609
1772649735176066800,3.56706689453125,0.17613893747329712,0.19884313642978668,0.6217242479324341
1772649735186108000,3.57710791015625,0.23893506824970245,0.19354189932346344,0.7383443117141724
1772649735196149000,3.58714892578125,0.2792326807975769,0.2150770127773285,0.7995903491973877
1772649735206189800,3.59718994140625,0.3004598319530487,0.2762821912765503,0.8032521605491638
1772649735216232000,3.60723193359375,0.32876601815223694,0.29276740550994873,0.7340939044952393
1772649735226272800,3.617272705078125,0.38189953565597534,0.2805466055870056,0.6146754622459412
1772649735236313900,3.62731396484375,0.4353441298007965,0.22244174778461456,0.4539363980293274
1772649735246355000,3.63735498046875,0.500857949256897,0.13155555725097656,0.25997328758239746
1772649735256395800,3.647395751953125,0.5681778788566589,-0.0003681160742416978,0.0521940179169178
1772649735266436900,3.657436767578125,0.5533782243728638,-0.15407784283161163,-0.15245862305164337
1772649735276478700,3.667478759765625,0.442353755235672,-0.2649417817592621,-0.34531837701797485
1772649735286519800,3.677519775390625,0.2303112894296646,-0.34911543130874634,-0.5500056743621826
1772649735296560600,3.687560546875,-0.10101259499788284,-0.4404269754886627,-0.7242427468299866
1772649735306601700,3.697601806640625,-0.47048676013946533,-0.39844655990600586,-0.7954564690589905
1772649735316642800,3.707642822265625,-0.7333083152770996,-0.28631845116615295,-0.7585983276367188
1772649735326684200,3.71768408203125,-0.8852001428604126,-0.20931512117385864,-0.6427277326583862
1772649735336725200,3.727725341796875,-0.9014108180999756,-0.18438473343849182,-0.5089161396026611
1772649735346766300,3.737766357421875,-0.7310043573379517,-0.12955331802368164,-0.3678264021873474
1772649735356807200,3.74780712890625,-0.40331515669822693,-0.06071353331208229,-0.2369631975889206
1772649735366848300,3.75784814453125,-0.06799808144569397,0.015011517331004143,-0.10996460914611816
1772649735376889300,3.767889404296875,0.10643097758293152,0.09941801428794861,0.018310271203517914
1772649735386931200,3.77793115234375,0.25120896100997925,0.1701730638742447,0.12060301005840302
1772649735396972300,3.78797216796875,0.35442695021629333,0.22538305819034576,0.16060608625411987
1772649735407013000,3.79801318359375,0.41267555952072144,0.257601797580719,0.15888738632202148
1772649735417054200,3.80805419921875,0.3934118449687958,0.3012973368167877,0.15042173862457275
1772649735427095300,3.81809521484375,0.3328099548816681,0.3765459954738617,0.12862013280391693
1772649735437137200,3.82813720703125,0.24590247869491577,0.4424845278263092,0.1034223660826683
1772649735447178200,3.83817822265625,0.13033656775951385,0.4660089612007141,0.0763988345861435
1772649735457219000,3.848218994140625,0.05579682067036629,0.48043718934059143,0.01782100647687912
1772649735467260200,3.85826025390625,0.010496042668819427,0.49081146717071533,-0.05988278239965439
1772649735477301200,3.86830126953125,0.01869378425180912,0.5211057066917419,-0.11893545091152191
1772649735487342000,3.878342041015625,-0.04663008078932762,0.5650789141654968,-0.12989288568496704
1772649735497384200,3.88838427734375,-0.15835873782634735,0.5531090497970581,-0.14380203187465668
1772649735507425000,3.898425048828125,-0.23447883129119873,0.434030145406723,-0.16721220314502716
1772649735517466000,3.908466064453125,-0.3562241792678833,0.21091929078102112,-0.15883789956569672
1772649735527507000,3.9185068359375,-0.4852195680141449,-0.07963315397500992,-0.27100348472595215
1772649735537548000,3.928548095703125,-0.4470737874507904,-0.36424463987350464,-0.4716915786266327
1772649735547590100,3.938590087890625,-0.22306667268276215,-0.45606160163879395,-0.542015790939331
1772649735557631000,3.948630859375,0.040971897542476654,-0.3973061442375183,-0.2488177865743637
1772649735567672000,3.958672119140625,0.3049970269203186,-0.42208337783813477,0.04339127242565155
1772649735577713000,3.968712890625,0.4385697543621063,-0.41812458634376526,0.2764570116996765
1772649735587754000,3.97875390625,0.40786147117614746,-0.24173519015312195,0.7472332119941711
1772649735597795000,3.988795166015625,0.41714391112327576,-0.24614006280899048,1.033689022064209
1772649735607837200,3.998837158203125,0.6668573617935181,-0.2327008694410324,1.0232508182525635
1772649735617878300,4.008878173828125,0.7823624014854431,-0.4180139899253845,0.7868954539299011
1772649735627919000,4.018919189453125,0.7098361253738403,-0.522750973701477,0.5143550038337708
1772649735637960200,4.028960205078125,0.7050312757492065,-0.5183293223381042,0.21877099573612213
1772649735648001300,4.039001220703125,0.588655948638916,-0.6101360321044922,-0.05764422193169594
1772649735658043100,4.049043212890625,0.45311811566352844,-0.7282102108001709,-0.21816332638263702
1772649735668084200,4.059084228515625,0.38110849261283875,-0.699402391910553,-0.1984199732542038
1772649735678125000,4.069125,0.33697083592414856,-0.5712739825248718,-0.007416188716888428
1772649735688166100,4.079166259765625,0.31391483545303345,-0.36392614245414734,0.17829132080078125
1772649735698207200,4.089207275390625,0.2783496379852295,-0.11937952041625977,0.1975523680448532
1772649735708248000,4.099248046875,0.22924061119556427,0.08771692216396332,0.12759681046009064
1772649735718290200,4.109290283203125,0.19749492406845093,0.24332968890666962,0.08722090721130371
1772649735728331000,4.1193310546875,0.18228799104690552,0.3752295672893524,0.13763278722763062
1772649735738372000,4.1293720703125,0.1795651763677597,0.4332997798919678,0.23979458212852478
1772649735748413200,4.1394130859375,0.19367247819900513,0.39462003111839294,0.33998164534568787
1772649735758454000,4.1494541015625,0.22799156606197357,0.30663105845451355,0.4383590817451477
1772649735768495000,4.1594951171875,0.25497668981552124,0.1861061006784439,0.5233568549156189
1772649735778537000,4.169536865234375,0.2579682171344757,0.046771638095378876,0.5566375851631165
1772649735788578000,4.179578125,0.25985780358314514,-0.05771568417549133,0.5051078796386719
1772649735798619100,4.189619140625,0.24581415951251984,-0.1257309466600418,0.3596356213092804
1772649735808660000,4.199659912109375,0.22116392850875854,-0.19762244820594788,0.1875307559967041
1772649735818701000,4.209701171875,0.17249812185764313,-0.26096439361572266,0.0200650617480278
1772649735828743200,4.2197431640625,0.08798841387033463,-0.281554251909256,-0.1345101147890091
1772649735838784300,4.2297841796875,-0.025509389117360115,-0.2694898545742035,-0.2962992787361145
1772649735848825300,4.239825439453125,-0.20127728581428528,-0.35684627294540405,-0.5098076462745667
1772649735858866200,4.2498662109375,-0.46877050399780273,-0.45566022396087646,-0.7247665524482727
1772649735868907300,4.2599072265625,-0.7450389266014099,-0.45601528882980347,-0.8808553814888
1772649735878948000,4.269947998046875,-0.9527694582939148,-0.3807317316532135,-0.8775078058242798
1772649735888990200,4.279990234375,-1.087846040725708,-0.29045599699020386,-0.6987752914428711
1772649735899031000,4.290031005859375,-1.1033512353897095,-0.23198921978473663,-0.41261252760887146
1772649735909072100,4.300072021484375,-0.9714547991752625,-0.1736505627632141,-0.062218789011240005
1772649735919113200,4.31011328125,-0.7355868816375732,-0.058610256761312485,0.2681196928024292
1772649735929154000,4.320154052734375,-0.3657284677028656,0.13672077655792236,0.45372965931892395
1772649735939196200,4.330196044921875,-0.08287172019481659,0.24801108241081238,0.45502182841300964
1772649735949237000,4.340237060546875,0.05996356159448624,0.31495383381843567,0.3891129493713379
1772649735959278000,4.350278076171875,0.16343295574188232,0.357785701751709,0.33493971824645996
1772649735969319200,4.360319091796875,0.24762935936450958,0.3922875225543976,0.30588221549987793
1772649735979360000,4.370360107421875,0.284496545791626,0.4046672284603119,0.287716269493103
1772649735989401000,4.380401123046875,0.2726263701915741,0.3869572877883911,0.2541157901287079
1772649735999443000,4.39044287109375,0.2071421593427658,0.3310309052467346,0.20076176524162292
1772649736009484000,4.400484130859375,0.07707017660140991,0.24214206635951996,0.1281815618276596
1772649736019525000,4.410525146484375,-0.08807217329740524,0.11628266423940659,0.042924731969833374
1772649736029566000,4.42056591796875,-0.24661801755428314,-0.0007583346450701356,-0.06818339973688126
1772649736039607000,4.43060693359375,-0.3965526521205902,-0.08750947564840317,-0.19846870005130768
1772649736049649200,4.440649169921875,-0.5580881237983704,-0.15511919558048248,-0.3293987512588501
1772649736059690200,4.450690185546875,-0.6908594965934753,-0.1804615706205368,-0.46275416016578674
1772649736069731300,4.4607314453125,-0.7407761812210083,-0.20409347116947174,-0.5128703713417053
1772649736079772200,4.470772216796875,-0.8235775828361511,-0.20763148367404938,-0.5424279570579529
1772649736089813200,4.480813232421875,-0.8940065503120422,-0.23573336005210876,-0.6038265228271484
1772649736099854300,4.490854248046875,-0.856228768825531,-0.30268603563308716,-0.672886848449707
1772649736109896200,4.500896240234375,-0.7105987668037415,-0.26541781425476074,-0.6915751695632935
1772649736119937300,4.510937255859375,-0.6037114858627319,-0.019204841926693916,-0.5155282616615295
1772649736129978000,4.52097802734375,-0.8437690138816833,0.08062057942152023,-0.350154310464859
1772649736140019200,4.531019287109375,-1.2836195230484009,0.18881896138191223,-0.062274593859910965
1772649736150060300,4.541060302734375,-0.9901702404022217,0.9313157200813293,0.632390022277832
1772649736160101000,4.55110107421875,-0.3274916112422943,1.332335352897644,1.0507103204727173
1772649736170143200,4.561143310546875,0.12317274510860443,1.0016000270843506,0.9331483244895935
1772649736180184000,4.57118408203125,0.19175925850868225,0.2937728762626648,0.7500780820846558
1772649736190225200,4.58122509765625,0.40453895926475525,-0.1535699963569641,0.604487419128418
1772649736200266200,4.591266357421875,0.5324985384941101,-0.5724761486053467,0.278639018535614
1772649736210307000,4.60130712890625,0.4956418573856354,-1.0759739875793457,-0.16651234030723572
1772649736220349200,4.61134912109375,0.39446890354156494,-1.3779045343399048,-0.5551609992980957
1772649736230390000,4.62139013671875,0.2685944139957428,-1.1624399423599243,-0.5883534550666809
1772649736240431000,4.63143115234375,0.06568441540002823,-0.708932101726532,-0.411983460187912
1772649736250472200,4.64147216796875,-0.10791243612766266,-0.3913012444972992,-0.21443098783493042
1772649736260513000,4.651512939453125,-0.12535934150218964,-0.2785709798336029,-0.042342040687799454
1772649736270554000,4.66155419921875,-0.033828526735305786,-0.2501857280731201,0.06343162059783936
1772649736280596000,4.671595947265625,0.08111350983381271,-0.19848552346229553,0.12201077491044998
1772649736290637000,4.681636962890625,0.21673299372196198,-0.014312435872852802,0.24296855926513672
1772649736300678000,4.691677978515625,0.34736183285713196,0.2608930468559265,0.37205517292022705
1772649736310719000,4.701718994140625,0.4543423652648926,0.510979413986206,0.4801023304462433
1772649736320759800,4.711759765625,0.5526763796806335,0.7127133011817932,0.5632912516593933
1772649736330801700,4.7218017578125,0.6199818253517151,0.849040687084198,0.5881843566894531
1772649736340842800,4.7318427734375,0.6489316821098328,0.8554842472076416,0.55247962474823
1772649736350883800,4.7418837890625,0.6394513249397278,0.7621382474899292,0.4901546537876129
1772649736360924700,4.751924560546875,0.6918154954910278,0.6164143085479736,0.4607038199901581
1772649736370965800,4.7619658203125,0.7908161878585815,0.4650275707244873,0.45075932145118713
1772649736381006600,4.772006591796875,0.8528071641921997,0.32971981167793274,0.44079670310020447
1772649736391048700,4.782048583984375,0.8788062930107117,0.2614082396030426,0.41267356276512146
1772649736401089800,4.79208984375,0.8731854557991028,0.2281072735786438,0.32690244913101196
1772649736411130600,4.802130615234375,0.8183426260948181,0.24047693610191345,0.19621269404888153
1772649736421171700,4.812171630859375,0.667866051197052,0.23349173367023468,-0.018865782767534256
1772649736431212500,4.822212646484375,0.4379265010356903,0.2161184847354889,-0.2814668118953705
1772649736441253600,4.832253662109375,0.1741718202829361,0.13818798959255219,-0.5304247736930847
1772649736451295700,4.842295654296875,-0.10172902792692184,0.07957839220762253,-0.6793548464775085
1772649736461336800,4.8523369140625,-0.3334330916404724,0.09494110196828842,-0.6959617733955383
1772649736471378000,4.8623779296875,-0.4200672507286072,0.09975834935903549,-0.5943639278411865
1772649736481418800,4.872418701171875,-0.36141300201416016,0.08947774767875671,-0.4034605622291565
1772649736491459800,4.8824599609375,-0.217142716050148,0.08247982710599899,-0.10386226326227188
1772649736501501700,4.892501708984375,-0.0319206640124321,0.04838710278272629,0.22526662051677704
1772649736511542800,4.902542724609375,0.12999758124351501,0.11767223477363586,0.4346469044685364
1772649736521583900,4.912583984375,0.19396698474884033,0.1995047777891159,0.484291672706604
1772649736531624700,4.922624755859375,0.24541381001472473,0.2046317756175995,0.4390442669391632
1772649736541665800,4.932665771484375,0.2984112501144409,0.21531078219413757,0.3669964373111725
1772649736551707000,4.942706787109375,0.31634631752967834,0.23156751692295074,0.3125542104244232
1772649736561748700,4.952748779296875,0.3039975166320801,0.2308306246995926,0.2748616933822632
1772649736571789800,4.962789794921875,0.26486679911613464,0.21523289382457733,0.23389370739459991
1772649736581830700,4.97283056640625,0.1856774389743805,0.1707053780555725,0.18061476945877075
1772649736591871700,4.982871826171875,0.07784616947174072,0.09430153667926788,0.11044316738843918
1772649736601912800,4.992912841796875,-0.03542099520564079,0.021337585523724556,0.024640638381242752
1772649736611954700,5.00295458984375,-0.14105123281478882,-0.037912409752607346,-0.06409435719251633
1772649736621995800,5.012995849609375,-0.23094303905963898,-0.03774889186024666,-0.19080889225006104
1772649736632036600,5.02303662109375,-0.3175942301750183,-0.08612455427646637,-0.35814911127090454
1772649736642077700,5.03307763671875,-0.38225898146629333,-0.16014285385608673,-0.4398399591445923
1772649736652118800,5.043118896484375,-0.47543445229530334,-0.20506513118743896,-0.5412425398826599
1772649736662159600,5.05315966796875,-0.5424877405166626,-0.2882758677005768,-0.650631308555603
1772649736672201700,5.06320166015625,-0.544577419757843,-0.33574703335762024,-0.714520275592804
1772649736682242600,5.07324267578125,-0.5305787324905396,-0.38361868262290955,-0.6718047857284546
1772649736692283600,5.08328369140625,-0.5955805778503418,-0.45968884229660034,-0.6097626090049744
1772649736702324700,5.09332470703125,-0.7949674725532532,-0.5761903524398804,-0.7124216556549072
1772649736712365800,5.10336572265625,-1.1284160614013672,-0.5851353406906128,-0.6657246947288513
1772649736722408000,5.113407958984375,-1.1495018005371094,0.3725874423980713,0.06085865572094917
1772649736732448800,5.12344873046875,-0.5377609729766846,1.6073471307754517,0.8040679693222046
1772649736742489900,5.13348974609375,0.11489808559417725,1.426796793937683,0.7179533243179321
1772649736752530700,5.14353076171875,0.20460577309131622,0.29320603609085083,0.46745362877845764
1772649736762571800,5.15357177734375,0.04533914104104042,-0.34563276171684265,0.30982646346092224
1772649736772612900,5.16361279296875,0.189353346824646,-0.5153586268424988,0.03648041933774948
1772649736782654700,5.17365478515625,0.13713034987449646,-0.6205862164497375,-0.3970499634742737
1772649736792695800,5.18369580078125,-0.10234510898590088,-0.7508398294448853,-0.7249749898910522
1772649736802736600,5.193736572265625,-0.3903587758541107,-0.7964097261428833,-0.7849525809288025
1772649736812777700,5.20377783203125,-0.5553257465362549,-0.6171781420707703,-0.6174787878990173
1772649736822818800,5.21381884765625,-0.5418030619621277,-0.36516478657722473,-0.38516825437545776
1772649736832860700,5.223860595703125,-0.399250864982605,-0.20853468775749207,-0.11535476893186569
1772649736842901800,5.23390185546875,-0.22700320184230804,-0.1516716629266739,0.11121977865695953
1772649736852942600,5.243942626953125,-0.07186582684516907,-0.07260089367628098,0.23003879189491272
1772649736862983700,5.253983642578125,0.0275326706469059,0.03393753245472908,0.23484793305397034
1772649736873024800,5.264024658203125,0.07745411247015,0.14825432002544403,0.2181156575679779
1772649736883065600,5.274065673828125,0.12775962054729462,0.2924080193042755,0.22772887349128723
1772649736893107700,5.284107666015625,0.18777911365032196,0.4140661358833313,0.25344762206077576
1772649736903148500,5.2941484375,0.2733968198299408,0.3962405323982239,0.31616052985191345
1772649736913189600,5.304189697265625,0.36509600281715393,0.3647534251213074,0.40952566266059875
1772649736923230700,5.314230712890625,0.4557899534702301,0.24502968788146973,0.5037816166877747
1772649736933271600,5.324271484375,0.5595189929008484,0.18240608274936676,0.5402199625968933
1772649736943314000,5.33431396484375,0.6579551696777344,0.18041805922985077,0.48218950629234314
1772649736953354800,5.344354736328125,0.7602205276489258,0.22837811708450317,0.33660274744033813
1772649736963395800,5.354395751953125,0.8440401554107666,0.29755812883377075,0.1374180167913437
1772649736973437000,5.36443701171875,0.7894978523254395,0.3306649625301361,-0.09715109318494797
1772649736983477800,5.374477783203125,0.5494641661643982,0.22733402252197266,-0.387980192899704
1772649736993518800,5.384518798828125,0.20713238418102264,0.14960166811943054,-0.62382972240448
1772649737003560700,5.394560791015625,-0.18373622000217438,0.24792492389678955,-0.6869085431098938
1772649737013601800,5.404601806640625,-0.5365549921989441,0.33742469549179077,-0.6171808242797852
1772649737023643000,5.414642822265625,-0.7751292586326599,0.17231783270835876,-0.608925461769104
1772649737033683700,5.42468359375,-0.8522893190383911,-0.05793800577521324,-0.650925874710083
1772649737043724800,5.434724853515625,-0.7539836764335632,-0.22256536781787872,-0.6223934292793274
1772649737053766700,5.4447666015625,-0.4570561647415161,-0.21518893539905548,-0.5034494996070862
1772649737063807700,5.454807861328125,-0.13039956986904144,-0.1463697850704193,-0.2903021574020386
1772649737073848800,5.464848876953125,0.10550058633089066,-0.06674126535654068,0.0014423588290810585
1772649737083889700,5.4748896484375,0.26533132791519165,-0.09412316232919693,0.2231336385011673
1772649737093930800,5.4849306640625,0.3126692771911621,-0.1770489364862442,0.2521492838859558
1772649737103971800,5.494971923828125,0.24462467432022095,-0.2688184976577759,0.1508808732032776
1772649737114013700,5.505013671875,0.11527387797832489,-0.33460602164268494,0.03037736751139164
1772649737124054800,5.5150546875,-0.03378647565841675,-0.35711243748664856,-0.08032418042421341
1772649737134095600,5.525095703125,-0.18685007095336914,-0.318556010723114,-0.19470402598381042
1772649737144136700,5.53513671875,-0.29110023379325867,-0.28020381927490234,-0.30640771985054016
1772649737154177800,5.545177734375,-0.3610793352127075,-0.23500359058380127,-0.39861223101615906
1772649737164220000,5.555219970703125,-0.4170447885990143,-0.21817494928836823,-0.45829594135284424
1772649737174260700,5.5652607421875,-0.4608815014362335,-0.22109244763851166,-0.4714879095554352
1772649737184301800,5.5753017578125,-0.5166774988174438,-0.2256026417016983,-0.4255619943141937
1772649737194343000,5.585343017578125,-0.5613338947296143,-0.22376371920108795,-0.4024641513824463
1772649737204383700,5.5953837890625,-0.6340049505233765,-0.27920249104499817,-0.4295995831489563
1772649737214425900,5.60542578125,-0.7561615109443665,-0.37787073850631714,-0.5095103979110718
1772649737224466700,5.615466796875,-0.9224686622619629,-0.4799196720123291,-0.6129966378211975
1772649737234507800,5.6255078125,-0.958177924156189,-0.538429856300354,-0.73750901222229
1772649737244548900,5.635548828125,-0.8388210535049438,-0.4729631245136261,-0.754551887512207
1772649737254589700,5.645589599609375,-0.7340315580368042,-0.3002411425113678,-0.6580362915992737
1772649737264630800,5.655630859375,-0.5639688372612,-0.4611847996711731,-0.6536816954612732
1772649737274672600,5.665672607421875,-0.1396772414445877,-0.3086860775947571,-0.06305195391178131
1772649737284713700,5.675713623046875,0.28848785161972046,0.7421100735664368,1.151185154914856
1772649737294754800,5.6857548828125,0.8155993223190308,1.3143047094345093,1.934095025062561
1772649737304796700,5.695796630859375,1.1615864038467407,1.0805366039276123,1.8813329935073853
1772649737314837800,5.705837646484375,1.1112548112869263,0.4836080074310303,1.3949742317199707
1772649737324878600,5.715878662109375,0.9992111325263977,0.1505887657403946,0.9235827922821045
1772649737334919700,5.725919677734375,1.062838077545166,0.17390553653240204,0.5393615961074829
1772649737344960800,5.735960693359375,0.8201069235801697,0.11718135327100754,0.10955198109149933
1772649737355002600,5.746002685546875,0.38285523653030396,-0.04348289594054222,-0.14139211177825928
1772649737365043700,5.756043701171875,0.032695140689611435,-0.10317521542310715,-0.1632310152053833
1772649737375084500,5.76608447265625,-0.17490306496620178,-0.12310737371444702,-0.03143623098731041
1772649737385125600,5.776125732421875,-0.23548609018325806,-0.20928430557250977,0.1565569043159485
1772649737395166700,5.786166748046875,-0.1978207379579544,-0.26597848534584045,0.2761523127555847
1772649737405207600,5.79620751953125,-0.03628811612725258,-0.2058747559785843,0.292188823223114
1772649737415249700,5.806249755859375,0.1896270364522934,-0.06951798498630524,0.2693445086479187
1772649737425290500,5.81629052734375,0.3339550197124481,0.11329296976327896,0.22523781657218933
1772649737435331600,5.82633154296875,0.3911610543727875,0.3172253370285034,0.18970458209514618
1772649737445372700,5.83637255859375,0.39267945289611816,0.4759892523288727,0.193506121635437
1772649737455413500,5.84641357421875,0.3783244788646698,0.5591552257537842,0.3141814172267914
1772649737465455900,5.856455810546875,0.3692942261695862,0.5662719011306763,0.4340076744556427
1772649737475496700,5.86649658203125,0.34123674035072327,0.49846118688583374,0.47911337018013
1772649737485537800,5.876537841796875,0.29355326294898987,0.38404393196105957,0.4522359073162079
1772649737495579000,5.886578857421875,0.24356411397457123,0.27173149585723877,0.4002419412136078
1772649737505619700,5.89661962890625,0.20600531995296478,0.1977171152830124,0.36080658435821533
1772649737515661800,5.906661865234375,0.19322720170021057,0.17825686931610107,0.3262574076652527
1772649737525702700,5.91670263671875,0.23105405271053314,0.161079540848732,0.2751031219959259
1772649737535743700,5.92674365234375,0.29538801312446594,0.11213836073875427,0.22496138513088226
1772649737545784800,5.936784912109375,0.3197038173675537,0.04733753204345703,0.15494973957538605
1772649737555825700,5.94682568359375,0.31452661752700806,-0.03193678334355354,0.05011894181370735
1772649737565867800,5.95686767578125,0.21854814887046814,-0.12055472284555435,-0.1723441481590271
1772649737575908600,5.96690869140625,-0.057477306574583054,-0.2569914162158966,-0.48751676082611084
1772649737585949700,5.97694970703125,-0.41839149594306946,-0.313264936208725,-0.7654973864555359
1772649737595990800,5.98699072265625,-0.7292617559432983,-0.20682477951049805,-0.8818753957748413
1772649737606031600,5.997031494140625,-0.9618080258369446,-0.0025266336742788553,-0.8171951770782471
1772649737616072700,6.00707275390625,-1.0753865242004395,-0.01990748941898346,-0.6538211703300476
1772649737626114600,6.017114501953125,-1.1029847860336304,-0.184343621134758,-0.41029903292655945
1772649737636155600,6.02715576171875,-0.9313344359397888,-0.20116521418094635,-0.019506508484482765
1772649737646196500,6.037196533203125,-0.5203128457069397,-0.05254405736923218,0.3906458914279938
1772649737656237600,6.047237548828125,-0.07461553066968918,0.0646081268787384,0.5563389658927917
1772649737666278700,6.057278564453125,0.1404910832643509,0.11400105059146881,0.42847174406051636
1772649737676320500,6.067320556640625,0.25820812582969666,0.11930126696825027,0.19208423793315887
1772649737686361600,6.077361572265625,0.34284141659736633,0.0837860181927681,0.06459657102823257
1772649737696402400,6.08740234375,0.37137797474861145,0.07084518671035767,0.06856415420770645
1772649737706443500,6.097443603515625,0.33880916237831116,0.10378582775592804,0.09563378244638443
1772649737716484600,6.107484619140625,0.2764514982700348,0.13372854888439178,0.09849002212285995
1772649737726526700,6.117526611328125,0.1861431747674942,0.14227668941020966,0.0793682262301445
1772649737736567800,6.12756787109375,0.0898512676358223,0.1271725744009018,0.02839718386530876
1772649737746608600,6.137608642578125,0.005765795242041349,0.09896278381347656,-0.06408920884132385
1772649737756649700,6.147649658203125,-0.06278397142887115,0.05635780096054077,-0.17479868233203888
1772649737766690800,6.15769091796875,-0.14170494675636292,0.004241786897182465,-0.29489123821258545
1772649737776732700,6.167732666015625,-0.2698618471622467,-0.08181959390640259,-0.44734230637550354
1772649737786773800,6.177773681640625,-0.3750799596309662,-0.2093936651945114,-0.5540828704833984
1772649737796814600,6.187814697265625,-0.4259013235569,-0.2333349585533142,-0.6480381488800049
1772649737806855700,6.197855712890625,-0.3918612599372864,-0.24751435220241547,-0.7335240244865417
1772649737816896800,6.207896728515625,-0.26124465465545654,-0.22367213666439056,-0.6757984161376953
1772649737826938600,6.217938720703125,-0.12992823123931885,-0.21218928694725037,-0.4579685926437378
1772649737836979700,6.227979736328125,-0.06509757041931152,-0.32204893231391907,-0.3373132348060608
1772649737847020500,6.2380205078125,-0.05285142734646797,-0.5057532787322998,-0.46550968289375305
1772649737857061600,6.2480615234375,-0.053638655692338943,-0.4955701529979706,-0.08730512112379074
1772649737867102700,6.258102783203125,0.2168246954679489,0.360380083322525,0.5986170172691345
1772649737877144600,6.26814453125,0.5599242448806763,0.8736563920974731,0.9860472679138184
1772649737887185700,6.278185546875,0.8318224549293518,0.5506611466407776,0.9859199523925781
1772649737897226500,6.2882265625,0.9872347116470337,-0.05570150539278984,1.0952796936035156
1772649737907267600,6.298267578125,1.1074163913726807,-0.2389068752527237,1.1653056144714355
1772649737917308700,6.30830859375,1.2212928533554077,-0.18301990628242493,1.0253714323043823
1772649737927350800,6.318350830078125,1.1158692836761475,-0.3332996070384979,0.7755890488624573
1772649737937391900,6.328391845703125,0.7929421067237854,-0.6450939774513245,0.503493070602417
1772649737947432700,6.3384326171875,0.41628336906433105,-0.8582999110221863,0.22486822307109833
1772649737957473800,6.348473876953125,0.11558769643306732,-0.7863453030586243,-0.08148825168609619
1772649737967515000,6.358514892578125,0.04736576974391937,-0.4723346531391144,-0.22774995863437653
1772649737977556700,6.368556640625,0.10089104622602463,-0.17702819406986237,-0.14102251827716827
1772649737987597800,6.378597900390625,0.1344202160835266,-0.013725216500461102,-0.075816810131073
1772649737997638700,6.388638671875,0.15283730626106262,0.1096731498837471,-0.11294553428888321
1772649738007679700,6.3986796875,0.15419253706932068,0.18291307985782623,-0.16816897690296173
1772649738017720600,6.408720458984375,0.10133197158575058,0.2822505831718445,-0.13790854811668396
1772649738027762700,6.4187626953125,0.01926044002175331,0.42263737320899963,0.010041256435215473
1772649738037803800,6.4288037109375,-0.00944390706717968,0.5574582815170288,0.20612287521362305
1772649738047844600,6.4388447265625,-0.025898093357682228,0.5751363039016724,0.33301427960395813
1772649738057885700,6.4488857421875,-0.045972999185323715,0.4743359386920929,0.399302214384079
1772649738067926500,6.458926513671875,-0.03285188600420952,0.33601894974708557,0.388841450214386
1772649738077968600,6.46896875,-0.005378182511776686,0.18109114468097687,0.33360403776168823
1772649738088009500,6.479009521484375,0.021415721625089645,0.07542837411165237,0.2525300979614258
1772649738098050600,6.489050537109375,0.03679521009325981,0.042393725365400314,0.1504463106393814
1772649738108091600,6.499091552734375,0.04902872070670128,0.06316223740577698,0.056165505200624466
1772649738118132500,6.509132568359375,0.032574914395809174,0.12923206388950348,-0.021661914885044098
1772649738128174800,6.5191748046875,-0.021500088274478912,0.23836421966552734,-0.07743692398071289
1772649738138215700,6.529215576171875,-0.07054539769887924,0.3603695034980774,-0.11399547010660172
1772649738148256800,6.5392568359375,-0.14045466482639313,0.4557320773601532,-0.14480705559253693
1772649738158297900,6.5492978515625,-0.28723666071891785,0.4837826192378998,-0.23523762822151184
1772649738168338700,6.559338623046875,-0.46905407309532166,0.44775670766830444,-0.38582131266593933
1772649738178380800,6.569380859375,-0.6323968768119812,0.39319494366645813,-0.5564865469932556
1772649738188421600,6.579421630859375,-0.7464206218719482,0.3046071231365204,-0.7091721296310425
1772649738198462700,6.589462646484375,-0.8070387244224548,0.23044182360172272,-0.764051079750061
1772649738208503800,6.59950390625,-0.8026790618896484,0.15773087739944458,-0.7070693373680115
1772649738218544600,6.609544677734375,-0.7035231590270996,0.12075688689947128,-0.5478740930557251
1772649738228586800,6.619586669921875,-0.5145596265792847,0.09361600875854492,-0.3542581796646118
1772649738238627600,6.629627685546875,-0.30049604177474976,0.03193347156047821,-0.19247540831565857
1772649738248668700,6.639668701171875,-0.1218961551785469,-0.02985592931509018,-0.08765242993831635
1772649738258709800,6.649709716796875,0.019248712807893753,-0.05024749040603638,-0.03249916061758995
1772649738268750600,6.65975048828125,0.14130185544490814,-0.07105287164449692,-0.0016482982318848372
1772649738278792700,6.669792724609375,0.21203169226646423,-0.09683999419212341,0.04467232525348663
1772649738288833500,6.67983349609375,0.22131898999214172,-0.08672906458377838,0.09402549266815186
1772649738298874600,6.68987451171875,0.18030764162540436,-0.04351022467017174,0.11835239827632904
1772649738308915700,6.699915771484375,0.12233304977416992,0.015686525031924248,0.11866050213575363
1772649738318956800,6.709956787109375,0.04866734892129898,0.06911086291074753,0.10142771899700165
1772649738328999000,6.7199990234375,-0.01342465728521347,0.11493954807519913,0.09149285405874252
1772649738339039700,6.730039794921875,-0.03923201933503151,0.16560831665992737,0.12346916645765305
1772649738349080800,6.740080810546875,0.010706037282943726,0.2132403403520584,0.21925191581249237
1772649738359122000,6.750121826171875,0.04166341945528984,0.2901931703090668,0.3275773525238037
1772649738369162800,6.760162841796875,-0.02187582105398178,0.28254032135009766,0.3312279284000397
1772649738379204900,6.770204833984375,-0.1692706048488617,0.11556118726730347,0.16080477833747864
1772649738389245700,6.78024560546875,-0.25453266501426697,-0.06862575560808182,-0.16550053656101227
1772649738399286800,6.790286865234375,-0.21798238158226013,-0.052743200212717056,-0.5016843676567078
1772649738409327900,6.800327880859375,-0.22428002953529358,0.15948045253753662,-0.7538765668869019
1772649738419368700,6.81036865234375,-0.36998450756073,0.3059473931789398,-0.9065545201301575
1772649738429410800,6.820410888671875,-0.7526023387908936,0.3161681294441223,-0.9306373000144958
1772649738439451600,6.83045166015625,-1.1288208961486816,0.5305925011634827,-0.7011297941207886
1772649738449492700,6.84049267578125,-0.8063885569572449,1.031769871711731,-0.14335952699184418
1772649738459533600,6.850533447265625,-0.13325834274291992,0.8427618145942688,0.33680441975593567
1772649738469574700,6.86057470703125,0.2774512469768524,0.2362179458141327,0.4922550618648529
1772649738479616800,6.87061669921875,0.3561026453971863,-0.34559857845306396,0.42410874366760254
1772649738489657600,6.88065771484375,0.4574388265609741,-0.7631863951683044,0.32270288467407227
1772649738499698700,6.89069873046875,0.6221324801445007,-0.9097800850868225,0.22623012959957123
1772649738509739500,6.900739501953125,0.6902804374694824,-0.912569522857666,0.058359500020742416
1772649738519780600,6.910780517578125,0.5306180715560913,-0.9106400609016418,-0.1611531376838684
1772649738529822700,6.92082275390625,0.3394552171230316,-0.6061446070671082,-0.24721606075763702
1772649738539863800,6.93086376953125,0.3459829092025757,-0.22764045000076294,-0.027703149244189262
1772649738549905000,6.94090478515625,0.3407386541366577,-0.022300947457551956,0.2675515413284302
1772649738559945700,6.95094580078125,0.2916022837162018,0.020539194345474243,0.4179533123970032
1772649738569986800,6.96098681640625,0.21022042632102966,0.057393889874219894,0.4330383837223053
1772649738580028700,6.971028564453125,0.11730754375457764,0.11149068176746368,0.35624799132347107
1772649738590069800,6.98106982421875,0.0370904803276062,0.1722489595413208,0.25228527188301086
1772649738600110800,6.99111083984375,-0.03470887616276741,0.19762995839118958,0.16282117366790771
1772649738610151700,7.001151611328125,-0.10157057642936707,0.1935344785451889,0.10842079669237137
1772649738620192800,7.01119287109375,-0.12163456529378891,0.14280658960342407,0.04118717089295387
1772649738630234600,7.021234619140625,-0.04337482154369354,0.07476348429918289,0.01596628502011299
1772649738640275700,7.031275634765625,0.11813177913427353,0.05019769072532654,0.04651354253292084
1772649738650316800,7.04131689453125,0.2900073528289795,0.05706905201077461,0.142668217420578
1772649738660357600,7.051357666015625,0.4526548385620117,0.05905976518988609,0.28669384121894836
1772649738670398700,7.061398681640625,0.6006772518157959,0.04191245883703232,0.4214695990085602
1772649738680440600,7.071440673828125,0.7156709432601929,0.027360949665308,0.4813832640647888
1772649738690481700,7.081481689453125,0.7345151901245117,0.10995196551084518,0.47243213653564453
1772649738700522800,7.091522705078125,0.6763339042663574,0.24749277532100677,0.3933109641075134
1772649738710563600,7.1015634765625,0.5650493502616882,0.32785332202911377,0.17883780598640442
1772649738720604700,7.111604736328125,0.33921435475349426,0.3106306791305542,-0.24800778925418854
1772649738730646800,7.121646728515625,0.03392389789223671,0.22259463369846344,-0.7528539896011353
1772649738740688000,7.13168798828125,-0.23484072089195251,0.11911964416503906,-1.1643919944763184
1772649738750729000,7.14172900390625,-0.4509129524230957,0.06774181127548218,-1.3375612497329712
1772649738760769800,7.151769775390625,-0.6426754593849182,-0.01475093886256218,-1.2725907564163208
1772649738770811000,7.161810791015625,-0.7965361475944519,-0.09318510442972183,-1.0314687490463257
1772649738780852700,7.171852783203125,-0.7980181574821472,-0.13220307230949402,-0.6431073546409607
1772649738790893800,7.181893798828125,-0.6092476844787598,-0.1402900218963623,-0.23350127041339874
1772649738800935000,7.191934814453125,-0.35302814841270447,-0.1355205625295639,0.09928307682275772
1772649738810975700,7.201975830078125,-0.20385406911373138,-0.0761583223938942,0.2722485661506653
1772649738821016800,7.212016845703125,-0.11552075296640396,-0.05030834674835205,0.27440786361694336
1772649738831058700,7.22205859375,-0.055304910987615585,-0.11937489360570908,0.152151420712471
1772649738841099800,7.232099853515625,-0.03612722456455231,-0.23709726333618164,-0.019311418756842613
1772649738851140900,7.242140869140625,-0.06374164670705795,-0.35477277636528015,-0.16929121315479279
1772649738861181700,7.252181640625,-0.11617422848939896,-0.4381563365459442,-0.26891714334487915
1772649738871222800,7.262222900390625,-0.17380689084529877,-0.49377644062042236,-0.32585904002189636
1772649738881264600,7.2722646484375,-0.2365477830171585,-0.532566487789154,-0.36090436577796936
1772649738891305700,7.2823056640625,-0.30659180879592896,-0.5393720865249634,-0.37555381655693054
1772649738901346600,7.2923466796875,-0.33532917499542236,-0.49569278955459595,-0.3867867588996887
1772649738911387600,7.3023876953125,-0.34508785605430603,-0.39888203144073486,-0.3912498354911804
1772649738921428700,7.3124287109375,-0.3776186406612396,-0.29719483852386475,-0.36615991592407227
1772649738931470600,7.322470703125,-0.4727137088775635,-0.19110149145126343,-0.36032795906066895
1772649738941511700,7.33251171875,-0.63055419921875,-0.13483448326587677,-0.41795238852500916
1772649738951552500,7.342552490234375,-0.6890628933906555,-0.05976588651537895,-0.43724775314331055
1772649738961593600,7.352593505859375,-0.724603533744812,0.08420991897583008,-0.4889010787010193
1772649738971635000,7.362635009765625,-0.6692755818367004,0.14791513979434967,-0.45827364921569824
1772649738981676800,7.3726767578125,-0.513444721698761,0.24078063666820526,-0.2736841142177582
1772649738991718000,7.3827177734375,-0.40730732679367065,0.3773368000984192,-0.0849398747086525
1772649739001758700,7.3927587890625,-0.4281364381313324,0.29510262608528137,-0.16154542565345764
1772649739011799800,7.4027998046875,-0.38436171412467957,0.15278147161006927,-0.0869399681687355
1772649739021841700,7.412841552734375,-0.18079237639904022,0.6129506230354309,0.744186282157898
1772649739031882800,7.4228828125,0.14140769839286804,1.0954457521438599,1.4874800443649292
1772649739041923800,7.432923828125,0.5155221819877625,1.128373622894287,1.3726961612701416
1772649739051964700,7.442964599609375,0.7379142642021179,0.5696777105331421,1.0318938493728638
1772649739062005800,7.453005859375,0.7938632965087891,-0.0941883772611618,0.8851780295372009
1772649739072047600,7.463047607421875,0.8905988931655884,-0.26038888096809387,0.7291284203529358
1772649739082088700,7.473088623046875,0.9534915685653687,-0.24898548424243927,0.40034469962120056
1772649739092129800,7.4831298828125,0.7763766050338745,-0.4995434582233429,0.06354702264070511
1772649739102170600,7.493170654296875,0.5060359239578247,-0.7086063623428345,-0.0897328108549118
1772649739112211700,7.503211669921875,0.23859910666942596,-0.6349397301673889,-0.0764375552535057
1772649739122253600,7.513253662109375,0.019376732409000397,-0.48489347100257874,-0.0013673016801476479
1772649739132294700,7.523294677734375,-0.07435573637485504,-0.37239179015159607,0.05866523087024689
1772649739142335700,7.533335693359375,-0.10948789119720459,-0.28198227286338806,0.009360797703266144
1772649739152376600,7.54337646484375,-0.08566620200872421,-0.14005859196186066,-0.08906636387109756
1772649739162417700,7.553417724609375,0.014263061806559563,0.05341126769781113,-0.09280330687761307
1772649739172459800,7.563459716796875,0.13838188350200653,0.22553716599941254,0.013323782943189144
1772649739182500900,7.5735009765625,0.23104923963546753,0.3311693072319031,0.1768578588962555
1772649739192542000,7.5835419921875,0.2761974334716797,0.3657647669315338,0.36105361580848694
1772649739202582800,7.593582763671875,0.2501932680606842,0.36611631512641907,0.5035247206687927
1772649739212624000,7.603623779296875,0.182830810546875,0.333341121673584,0.5281094312667847
1772649739222665700,7.613665771484375,0.14204290509223938,0.27309855818748474,0.485544353723526
1772649739232706800,7.623706787109375,0.1505793184041977,0.2152683436870575,0.4458748400211334
1772649739242748000,7.633747802734375,0.17006513476371765,0.20525459945201874,0.424643337726593
1772649739252788700,7.643788818359375,0.2069168984889984,0.20553946495056152,0.3865302503108978
1772649739262829800,7.653829833984375,0.2613982558250427,0.21932105720043182,0.3042082190513611
1772649739272871700,7.66387158203125,0.33046719431877136,0.24465440213680267,0.20262043178081512
1772649739282912800,7.673912841796875,0.39441022276878357,0.2887185215950012,0.11593881249427795
1772649739292953900,7.683953857421875,0.4333350956439972,0.3093735873699188,0.041481900960206985
1772649739302994700,7.69399462890625,0.4003254771232605,0.3584926724433899,-0.041209783405065536
1772649739313035800,7.704035888671875,0.27048346400260925,0.3958970308303833,-0.1556248813867569
1772649739323077600,7.71407763671875,0.05858560651540756,0.3656611144542694,-0.2974749803543091
1772649739333118700,7.72411865234375,-0.23206302523612976,0.26731476187705994,-0.42723461985588074
1772649739343159600,7.73415966796875,-0.5034892559051514,0.13975122570991516,-0.5238335728645325
1772649739353200600,7.74420068359375,-0.6472834348678589,-0.0007457060855813324,-0.5879212021827698
1772649739363241700,7.75424169921875,-0.6690737009048462,-0.12207825481891632,-0.605762243270874
1772649739373283800,7.764283935546875,-0.5980791449546814,-0.17607039213180542,-0.5264831185340881
1772649739383325000,7.774324951171875,-0.4361528754234314,-0.23717422783374786,-0.41552168130874634
1772649739393365800,7.78436572265625,-0.23242859542369843,-0.27183619141578674,-0.2954925298690796
1772649739403406800,7.79440673828125,-0.07604218274354935,-0.24114033579826355,-0.1747187077999115
1772649739413448000,7.804447998046875,0.04692711681127548,-0.21602272987365723,-0.030422208830714226
1772649739423489800,7.81448974609375,0.14230556786060333,-0.20733150839805603,0.11630571633577347
1772649739433531000,7.82453076171875,0.2003956437110901,-0.19564495980739594,0.2284976989030838
1772649739443571700,7.83457177734375,0.22022686898708344,-0.1531430333852768,0.2707304060459137
1772649739453612800,7.84461279296875,0.1941547691822052,-0.09548154473304749,0.25467345118522644
1772649739463654000,7.85465380859375,0.13921348750591278,-0.033005379140377045,0.23365473747253418
1772649739473695700,7.86469580078125,0.06798800081014633,0.026299554854631424,0.22196036577224731
1772649739483736800,7.87473681640625,0.008328135125339031,0.06310524046421051,0.17653483152389526
1772649739493777700,7.884777587890625,-0.10893380641937256,0.09286073595285416,0.08410745859146118
1772649739503818800,7.89481884765625,-0.19314108788967133,0.08118809759616852,-0.02891097217798233
1772649739513859800,7.90485986328125,-0.28163278102874756,0.06139588728547096,-0.1166093498468399
1772649739523901700,7.914901611328125,-0.3431318402290344,0.03202681243419647,-0.17214319109916687
1772649739533942800,7.92494287109375,-0.35233739018440247,-0.05386585742235184,-0.24610933661460876
1772649739543983600,7.934983642578125,-0.4807499647140503,-0.17649856209754944,-0.37237805128097534
1772649739554024700,7.945024658203125,-0.5986395478248596,-0.36296385526657104,-0.5396470427513123
1772649739564065800,7.955065673828125,-0.6204676032066345,-0.5010392069816589,-0.6940387487411499
1772649739574107600,7.965107666015625,-0.60720294713974,-0.6512951850891113,-0.8494168519973755
1772649739584148700,7.975148681640625,-0.5945164561271667,-0.8890677690505981,-1.0849947929382324
1772649739594189600,7.985189453125,-0.5493540167808533,-1.0278637409210205,-1.210577130317688
1772649739604230700,7.995230712890625,-0.5913243889808655,-1.057408332824707,-0.686793327331543
1772649739614271700,8.005271728515625,-0.6465970873832703,-0.3518318831920624,0.19345124065876007
1772649739624313900,8.01531396484375,-0.21048292517662048,0.5549947023391724,0.7894057035446167
1772649739634355000,8.02535498046875,0.44389644265174866,0.46720924973487854,1.004081130027771
1772649739644395800,8.035395751953125,0.7081958055496216,-0.03267461434006691,0.9578997492790222
1772649739654436900,8.045436767578124,0.7807890772819519,-0.20421954989433289,0.9096197485923767
1772649739664478000,8.05547802734375,0.9529738426208496,-0.10456538200378418,0.7901087999343872
1772649739674519800,8.065519775390625,0.9193758368492126,-0.1252688467502594,0.5502040982246399
1772649739684561000,8.075560791015626,0.6440744996070862,-0.2743203938007355,0.26343780755996704
1772649739694601700,8.085601806640625,0.40624555945396423,-0.31804606318473816,0.10312043875455856
1772649739704642800,8.095642822265624,0.3258042633533478,-0.22955745458602905,0.13854819536209106
1772649739714683600,8.10568359375,0.22729918360710144,-0.12424725294113159,0.24122083187103271
1772649739724725800,8.115725830078125,0.13367095589637756,-0.1843462735414505,0.2875206768512726
1772649739734766800,8.125766845703126,0.13654856383800507,-0.31903859972953796,0.1722678393125534
1772649739744807700,8.1358076171875,0.22246959805488586,-0.4033803939819336,0.04139745235443115
1772649739754848800,8.145848876953124,0.3585953414440155,-0.4512564241886139,0.031438544392585754
1772649739764889600,8.1558896484375,0.40301287174224854,-0.4669240713119507,0.1310434341430664
1772649739774931700,8.165931640625,0.37333112955093384,-0.3503325879573822,0.24178048968315125
1772649739784972500,8.17597265625,0.3661741316318512,-0.14297354221343994,0.2938553988933563
1772649739795013600,8.186013671875,0.40673553943634033,0.038182251155376434,0.37357261776924133
1772649739805054700,8.1960546875,0.4839712083339691,0.15778666734695435,0.5164735913276672
1772649739815095600,8.206095458984375,0.5626430511474609,0.19885729253292084,0.6890714168548584
1772649739825136600,8.21613671875,0.617264986038208,0.18031449615955353,0.8437416553497314
1772649739835178800,8.2261787109375,0.6716307401657104,0.13549350202083588,0.9342103004455566
1772649739845219800,8.2362197265625,0.7670770883560181,0.0984443947672844,0.9526809453964233
1772649739855261000,8.246260986328124,0.8429427742958069,0.08091367036104202,0.9345686435699463
1772649739865301800,8.2563017578125,0.8230068683624268,0.061420928686857224,0.8621724843978882
1772649739875342800,8.2663427734375,0.718810498714447,0.02834280952811241,0.6951847076416016
1772649739885384700,8.276384765625,0.5346183180809021,-0.010447463020682335,0.42429274320602417
1772649739895425800,8.28642578125,0.275124192237854,-0.142950177192688,0.08628076314926147
1772649739905467000,8.296466796875,-0.04851405695080757,-0.28091976046562195,-0.285812646150589
1772649739915507700,8.3065078125,-0.34152334928512573,-0.3452480733394623,-0.5577502846717834
1772649739925548800,8.316548828125,-0.5333689451217651,-0.3833230435848236,-0.7157774567604065
1772649739935590700,8.326590576171874,-0.6663522720336914,-0.3747536540031433,-0.6983738541603088
1772649739945631700,8.3366318359375,-0.748572587966919,-0.4056796133518219,-0.5680041313171387
1772649739955672800,8.3466728515625,-0.7590233087539673,-0.42720693349838257,-0.40951406955718994
1772649739965713700,8.356713623046875,-0.6148813366889954,-0.4443049430847168,-0.2493441104888916
1772649739975754800,8.366754638671875,-0.3576003909111023,-0.4495890736579895,-0.08236232399940491
1772649739985796600,8.376796630859374,-0.1472623348236084,-0.37599262595176697,0.07702759653329849
1772649739995837700,8.386837646484375,-0.04469949007034302,-0.2521934509277344,0.1758740395307541
1772649740005878800,8.396878662109375,0.013923343271017075,-0.17627258598804474,0.1870286911725998
1772649740015919600,8.406919677734376,0.04124656319618225,-0.12191575765609741,0.15358516573905945
1772649740025960700,8.416960693359375,0.05160652473568916,-0.088716521859169,0.12674130499362946
1772649740036002600,8.42700244140625,0.040788326412439346,-0.08064299076795578,0.12253536283969879
1772649740046043600,8.437043701171875,0.011913536116480827,-0.09864728897809982,0.13261117041110992
1772649740056084700,8.447084716796875,-0.04524674266576767,-0.11967481672763824,0.15003682672977448
1772649740066125600,8.45712548828125,-0.11142788827419281,-0.10921604931354523,0.16930080950260162
1772649740076166700,8.467166748046875,-0.13349071145057678,-0.04104645177721977,0.1968946009874344
1772649740086208800,8.477208740234374,-0.12340264767408371,0.0662565678358078,0.1983095407485962
1772649740096249900,8.487249755859375,-0.14555610716342926,0.10147413611412048,0.13980616629123688
1772649740106291000,8.497291015625,-0.21377190947532654,0.06401278078556061,0.03631972149014473
1772649740116331800,8.507331787109376,-0.27518585324287415,-0.022428564727306366,0.010145017877221107
1772649740126372900,8.517372802734375,-0.30801889300346375,-0.11396646499633789,-0.019483448937535286
1772649740136414700,8.527414794921874,-0.2819538712501526,-0.23353447020053864,-0.09241728484630585
1772649740146455800,8.537455810546875,-0.14445403218269348,-0.2690508961677551,-0.0689588263630867
1772649740156496600,8.54749658203125,0.06197292357683182,-0.22528620064258575,0.07740097492933273
1772649740166537700,8.557537841796876,0.2151494175195694,-0.31209275126457214,0.022055158391594887
1772649740176578800,8.567578857421875,0.1882161796092987,-0.607296884059906,-0.21577873826026917
1772649740186620700,8.57762060546875,-0.014135049656033516,-0.8272873163223267,-0.10279279202222824
1772649740196661800,8.587661865234375,0.010008071549236774,-0.41081663966178894,0.7856320738792419
1772649740206702600,8.59770263671875,0.36854997277259827,0.2642294466495514,1.5877711772918701
1772649740216743700,8.60774365234375,0.5118840336799622,0.23518361151218414,1.674031376838684
1772649740226784800,8.61778466796875,0.4706398844718933,-0.3615863025188446,1.5463134050369263
1772649740236826600,8.62782666015625,0.5300466418266296,-0.8833796381950378,1.3415995836257935
1772649740246867700,8.63786767578125,0.5960653424263,-0.9587958455085754,0.9542393088340759
1772649740256908500,8.647908447265625,0.5179281234741211,-0.8168819546699524,0.49409371614456177
1772649740266949600,8.65794970703125,0.23228813707828522,-0.8443548679351807,-0.011083437129855156
1772649740276990700,8.66799072265625,-0.12482094019651413,-1.1062657833099365,-0.3571856915950775
1772649740287031600,8.678031494140624,-0.39810308814048767,-1.3264015913009644,-0.41777047514915466
1772649740297074000,8.688073974609376,-0.4818163812160492,-1.2233912944793701,-0.20079410076141357
1772649740307114800,8.69811474609375,-0.39258503913879395,-0.9436669945716858,0.06695159524679184
1772649740317155800,8.70815576171875,-0.22327353060245514,-0.5702210664749146,0.27637630701065063
1772649740327197200,8.718197265625,-0.09287212044000626,-0.2730730175971985,0.37075018882751465
1772649740337238000,8.728238037109374,-0.031561486423015594,-0.11845142394304276,0.40370652079582214
1772649740347280400,8.7382802734375,0.08400719612836838,0.044559065252542496,0.38460418581962585
1772649740357321200,8.7483212890625,0.2342778742313385,0.17818909883499146,0.40115663409233093
1772649740367362300,8.7583623046875,0.28797945380210876,0.2912850081920624,0.48070257902145386
1772649740377403100,8.768403076171875,0.3758941888809204,0.38970065116882324,0.6005571484565735
1772649740387444200,8.7784443359375,0.4534315764904022,0.4244711697101593,0.749870777130127
1772649740397486300,8.788486328125,0.5257908701896667,0.37147560715675354,0.8835091590881348
1772649740407527200,8.798527099609375,0.5961657166481018,0.31248897314071655,0.9315581321716309
1772649740417568300,8.808568359375,0.6518347263336182,0.21497021615505219,0.9054508209228516
1772649740427609000,8.818609130859375,0.6479797959327698,0.11467477679252625,0.8448167443275452
1772649740437650200,8.828650146484375,0.590515673160553,0.02527180314064026,0.7672308087348938
1772649740447692000,8.838692138671876,0.5000999569892883,-0.0445709265768528,0.6932295560836792
1772649740457733000,8.848733154296875,0.4117409586906433,-0.057185281068086624,0.5411549210548401
1772649740467774200,8.858774169921874,0.241522878408432,-0.07440314441919327,0.34901347756385803
1772649740477815000,8.86881494140625,0.029247373342514038,0.001429906813427806,0.11565669625997543
1772649740487856000,8.878856201171875,-0.1665056198835373,0.12377845495939255,-0.1737157255411148
1772649740497898000,8.88889794921875,-0.3287481367588043,0.1742514818906784,-0.4224538207054138
1772649740507939000,8.89893896484375,-0.42754584550857544,0.19194817543029785,-0.6269968152046204
1772649740517980200,8.908980224609374,-0.44986283779144287,0.17559431493282318,-0.820638120174408
1772649740528021000,8.91902099609375,-0.46163108944892883,0.11845912039279938,-0.8516045212745667
1772649740538062000,8.92906201171875,-0.47368505597114563,0.06842339038848877,-0.7076833844184875
1772649740548104000,8.93910400390625,-0.42745259404182434,0.019005240872502327,-0.5625270009040833
1772649740558145000,8.94914501953125,-0.33970704674720764,-0.03922371566295624,-0.45900028944015503
1772649740568186000,8.95918603515625,-0.2199748009443283,-0.1111740693449974,-0.37747105956077576
1772649740578227200,8.969227294921875,-0.09247288107872009,-0.17186516523361206,-0.32320061326026917
1772649740588268300,8.979268310546875,0.037669405341148376,-0.21426188945770264,-0.29218652844429016
1772649740598309400,8.989309326171876,0.14212240278720856,-0.24885143339633942,-0.25573045015335083
1772649740608351200,8.999351318359375,0.21511752903461456,-0.28225651383399963,-0.20182594656944275
1772649740618392300,9.009392333984374,0.24200549721717834,-0.35095536708831787,-0.13927504420280457
1772649740628433200,9.01943310546875,0.24685138463974,-0.420434832572937,-0.10141367465257645
1772649740638474200,9.02947412109375,0.21446257829666138,-0.49589312076568604,-0.0856613740324974
1772649740648515300,9.039515380859376,0.16589078307151794,-0.5544528365135193,-0.05693705379962921
1772649740658557200,9.04955712890625,0.0942629873752594,-0.5998865962028503,-0.010491752065718174
1772649740668598300,9.059598388671875,0.012312463484704494,-0.5987520813941956,0.03710959106683731
1772649740678639000,9.06963916015625,-0.04553700238466263,-0.5559141635894775,0.1090286374092102
1772649740688680200,9.07968017578125,-0.07899988442659378,-0.49659308791160583,0.16188013553619385
1772649740698721300,9.08972119140625,-0.11149582266807556,-0.4950297176837921,0.1534569412469864
1772649740708763100,9.09976318359375,-0.0701419860124588,-0.5081399083137512,0.1361144334077835
1772649740718804200,9.10980419921875,0.0027204975485801697,-0.4347168505191803,0.11368554830551147
1772649740728845000,9.119844970703125,0.015561195090413094,-0.3724782168865204,0.43935152888298035
1772649740738886100,9.12988623046875,0.045564793050289154,-0.6920468807220459,0.95328688621521
1772649740748927200,9.13992724609375,0.18875843286514282,-0.8826383948326111,0.7601097226142883
1772649740758968000,9.149968017578125,0.26568537950515747,-0.8225576877593994,0.6347474455833435
1772649740769010200,9.16001025390625,0.35127750039100647,-0.7053378820419312,0.048785120248794556
1772649740779051000,9.170051025390626,0.4438529312610626,-0.3712940216064453,0.07707256823778152
1772649740789092000,9.180092041015625,0.48486295342445374,0.30240026116371155,0.5012419819831848
1772649740799133200,9.19013330078125,0.6213196516036987,0.41470712423324585,0.694037675857544
1772649740809174000,9.200174072265625,0.6111711263656616,0.21941591799259186,0.7006736993789673
1772649740819216100,9.210216064453125,0.5484856367111206,0.1096123605966568,0.5497683882713318
1772649740829257200,9.22025732421875,0.3874503970146179,0.14448699355125427,0.23787203431129456
1772649740839298300,9.23029833984375,0.13938860595226288,0.20272521674633026,-0.027722667902708054
1772649740849339100,9.240339111328124,-0.14527082443237305,0.2768822908401489,-0.0443892627954483
1772649740859380200,9.250380126953125,-0.32606005668640137,0.14072833955287933,0.08852190524339676
1772649740869422000,9.260422119140625,-0.32251328229904175,-0.057223621755838394,0.22755463421344757
1772649740879463200,9.270463134765626,-0.18712849915027618,-0.1405191868543625,0.2676411271095276
1772649740889504300,9.280504150390625,0.028116706758737564,-0.14932359755039215,0.20467762649059296
1772649740899545000,9.290545166015624,0.11891133338212967,-0.19454079866409302,0.12282754480838776
1772649740909586200,9.300586181640625,0.08366146683692932,-0.194375142455101,0.07915729284286499
1772649740919627300,9.310627197265624,-0.007140768691897392,-0.1577865034341812,0.03187326714396477
1772649740929669000,9.320669189453126,-0.12300797551870346,-0.18444395065307617,-0.020900197327136993
1772649740939710200,9.330710205078125,-0.1833803802728653,-0.19328485429286957,-0.03629603609442711
1772649740949751000,9.3407509765625,-0.18934959173202515,-0.15637904405593872,-0.012243960052728653
1772649740959792000,9.350792236328125,-0.17479048669338226,-0.12058594822883606,0.0028247968293726444
1772649740969833200,9.360833251953125,-0.1147489994764328,-0.02870156057178974,-0.0059806788340210915
1772649740979875000,9.370875,-0.0035443156957626343,0.1305743157863617,0.007105620577931404
1772649740989916200,9.380916259765625,0.08603057265281677,0.25143229961395264,0.05534558743238449
1772649740999957000,9.39095703125,0.10610141605138779,0.3176284432411194,0.13627998530864716
1772649741009998000,9.400998046875,0.07444921135902405,0.2883182168006897,0.15253885090351105
1772649741020039200,9.4110390625,-0.001452942262403667,0.18632617592811584,0.10494691878557205
1772649741030081300,9.421081298828126,-0.14116209745407104,0.07594029605388641,-0.003166233655065298
1772649741040122400,9.431122314453125,-0.29494038224220276,-0.011953214183449745,-0.07951022684574127
1772649741050163200,9.4411630859375,-0.4073886275291443,-0.02577262371778488,-0.15713471174240112
1772649741060204300,9.451204345703125,-0.4260232448577881,0.0326097346842289,-0.24640929698944092
1772649741070245400,9.461245361328125,-0.3919869661331177,0.1237870529294014,-0.32499411702156067
1772649741080286200,9.4712861328125,-0.35761624574661255,0.2134326696395874,-0.3807067573070526
1772649741090328300,9.481328369140625,-0.344738245010376,0.23674865067005157,-0.442020982503891
1772649741100369200,9.491369140625,-0.3682273328304291,0.1729544848203659,-0.5122339129447937
1772649741110410200,9.50141015625,-0.4229949712753296,0.10775390267372131,-0.5665799975395203
1772649741120451300,9.511451416015625,-0.4782111346721649,0.027214771136641502,-0.6433677077293396
1772649741130492200,9.5214921875,-0.5259259343147278,-0.06346666067838669,-0.7811814546585083
1772649741140534300,9.5315341796875,-0.5925453901290894,-0.19919759035110474,-0.8527513146400452
1772649741150575000,9.5415751953125,-0.640532910823822,-0.22908411920070648,-0.8507283926010132
1772649741160616200,9.5516162109375,-0.6489883065223694,-0.22680537402629852,-0.7665032148361206
1772649741170657300,9.5616572265625,-0.5471857786178589,-0.17724448442459106,-0.6306574940681458
1772649741180698000,9.571697998046876,-0.3724376857280731,-0.10124514251947403,-0.44467195868492126
1772649741190739200,9.5817392578125,-0.18173566460609436,-0.04384656623005867,-0.2538202702999115
1772649741200781000,9.591781005859374,-0.030185408890247345,-0.01710757054388523,-0.11198089271783829
1772649741210822100,9.601822265625,0.09551472961902618,0.0008996606920845807,-0.0190189927816391
1772649741220863000,9.611863037109375,0.1423272043466568,0.01320281159132719,0.010925209149718285
1772649741230904000,9.621904052734376,0.15175746381282806,0.08406206965446472,-0.016651824116706848
1772649741240945200,9.631945068359375,-0.013433963991701603,0.22169464826583862,0.517640233039856
1772649741250987000,9.641987060546874,-0.07794957607984543,-0.09180255979299545,0.6371764540672302
1772649741261028000,9.652028076171876,-0.05547760799527168,-0.2865113317966461,0.5584599375724792
1772649741271069000,9.66206884765625,-0.09508360922336578,-0.5384170413017273,0.37419578433036804
1772649741281110000,9.672110107421876,-0.16079770028591156,-0.5726758241653442,0.1474241018295288
1772649741291151000,9.682151123046875,-0.22326986491680145,-0.43634915351867676,-0.008218757808208466
1772649741301193200,9.692193115234375,-0.27028632164001465,-0.2776985764503479,-0.14264671504497528
1772649741311234300,9.702234375,-0.26589876413345337,-0.2569544315338135,-0.32248198986053467
1772649741321275000,9.71227490234375,-0.27072179317474365,-0.2642335891723633,-0.5176085233688354
1772649741331315700,9.722315673828126,-0.3110508322715759,-0.23860757052898407,-0.697489857673645
1772649741341356800,9.732356689453125,-0.33002322912216187,-0.2104530930519104,-0.7697911262512207
